chapter,commentator,commentator_en,seq,lemma_zh,lemma_our_english,lemma_status,comment_chinese,comment_english
1,河上公,Heshang Gong (Han),1,道可道,The Tao that can be spoken is not the ever-present Tao.,aligned to our base text,謂經術政教之道也,
1,河上公,Heshang Gong (Han),2,非常道,The Tao that can be spoken is not the ever-present Tao.,aligned to our base text,非自然長生之道也常道當以無為養神無事安民含光藏暉滅迹匿端不可稱道,
1,河上公,Heshang Gong (Han),3,名可名,The name that can be named is not the ever-present name.,aligned to our base text,謂富貴尊榮髙世之名也,
1,河上公,Heshang Gong (Han),4,非常名,The name that can be named is not the ever-present name.,aligned to our base text,非自然常在之名也常名愛如孾兒之未言雞子之未分明珠在蚌中美玉處石間内雖昭昭外如愚頑,
1,河上公,Heshang Gong (Han),5,無名天地之始,The nameless is the beginning of sky and earth.,aligned to our base text,無名者謂道道無形故不可名也始者道本也吐氣布化出於虚无為天地本始也,
1,河上公,Heshang Gong (Han),6,有名萬物之母,The named is the mother of the countless things.,aligned to our base text,有名謂天地天地有形位隂陽有柔剛是其有名也萬物母者天地含氣生萬物長大成熟如母之養子,
1,河上公,Heshang Gong (Han),7,故常無欲以觀其妙,"Ever desireless, observe its subtlety;",aligned to our base text,妙要也人常能無欲則可以觀道之要要謂一也一岀布名道讃叙明是非,
1,河上公,Heshang Gong (Han),8,常有欲以觀其徼,"Ever desiring, observe its boundaries.",aligned to our base text,徼歸也常有欲之人可以觀丗俗之所歸趣也徼古吊反,
1,河上公,Heshang Gong (Han),9,此兩者同出而異名,"These two have the same origin, but differ in name.",aligned to our base text,兩者謂有欲無欲也同出者同出人心也而異名者所名各異也名無欲者長存名有欲者亡身也,
1,河上公,Heshang Gong (Han),10,同謂之玄,"Together, they are called profound darkness.",aligned to our base text,玄天也言有欲之人與無欲之人同受氣於天,
1,河上公,Heshang Gong (Han),11,玄之又玄,"Dark, and dark again, the gate of all subtleties.",aligned to our base text,天中復有天也稟氣有厚薄得中和滋液則生賢聖得錯亂汚辱則生貪淫也,
1,河上公,Heshang Gong (Han),12,衆妙之門,"Dark, and dark again, the gate of all subtleties.",aligned to our base text,能知天中復有天禀氣有厚薄除情去欲守中和是謂知道要之門户也,
1,王弼,Wang Bi (d. 249 CE),1,道可道非常道名可名非常名,The Tao that can be spoken is not the ever-present Tao. The name that can be named is not the ever-present name.,aligned to our base text,可道之道可名之名指事造形非其常也故不可道不可名也,
1,王弼,Wang Bi (d. 249 CE),2,無名天地之始有名萬物之母,The nameless is the beginning of sky and earth. The named is the mother of the countless things.,aligned to our base text,凡有皆始於無故未形無名之時則為萬物之始及其有形有名之時則長之育之亭之毒之為其母也言道以無形無名始成萬物以始以成而不知其所以𤣥之又𤣥也,
1,王弼,Wang Bi (d. 249 CE),3,故常無欲以觀其妙〔案永樂大典此句上無故字〕,"Ever desireless, observe its subtlety;",aligned to our base text,妙者㣲之極也萬物始於㣲而後成始於無而後生故常無欲空虚可以觀其始物之妙,
1,王弼,Wang Bi (d. 249 CE),4,常有欲以觀其徼,"Ever desiring, observe its boundaries.",aligned to our base text,徼歸終也凡有之為利必以無為用欲之所本適道而後濟故常有欲可以觀其終物之徼也,
2,河上公,Heshang Gong (Han),1,天下皆知美之為美,"When the world knows beauty as beauty, ugliness arises. When the world knows good as good, the bad arises.",aligned to our base text,自揚己美使顯彰也,
2,河上公,Heshang Gong (Han),2,斯惡巳,"When the world knows beauty as beauty, ugliness arises. When the world knows good as good, the bad arises.",aligned to our base text,有危亡也,
2,河上公,Heshang Gong (Han),3,皆知善之為善,"Therefore presence and absence give birth to each other,",aligned to our base text,有功名也,
2,河上公,Heshang Gong (Han),4,斯不善巳,"Therefore presence and absence give birth to each other,",aligned to our base text,人所爭也,
2,河上公,Heshang Gong (Han),5,故有無相生,"Difficult and easy complete each other,",aligned to our base text,見有而為無也,
2,河上公,Heshang Gong (Han),6,難易相成,"Difficult and easy complete each other,",aligned to our base text,見難而為易也,
2,河上公,Heshang Gong (Han),7,長短相形,"Long and short measure each other,",aligned to our base text,見短而為長也,
2,河上公,Heshang Gong (Han),8,音聲相和,"High and low depend on each other, Sound and tone harmonize each other,",aligned to our base text,上唱下必和也,
2,河上公,Heshang Gong (Han),9,前後相隨,"High and low depend on each other, Sound and tone harmonize each other,",aligned to our base text,上行下必隨也,
2,河上公,Heshang Gong (Han),10,是以聖人處無為之事,Front and back follow each other.,aligned to our base text,以道治也,
2,河上公,Heshang Gong (Han),11,行不言之教,Therefore the sage dwells in the work of non-doing,aligned to our base text,以身師導之也,
2,河上公,Heshang Gong (Han),12,功成而弗居,"The work is done, and the sage does not stay in it.",aligned to our base text,功成事就退避不居其位,
2,河上公,Heshang Gong (Han),13,是以不去,"Because the sage does not stay, it does not leave.",aligned to our base text,福德常在不去其身也此言不行不可隨不言不可知疾上六句有髙下長短君開一源下生百端百端之變无不動亂,
2,王弼,Wang Bi (d. 249 CE),1,是以聖人處無為之事,Front and back follow each other.,aligned to our base text,自然已足〔案永樂大典足作定〕為則敗也,
2,王弼,Wang Bi (d. 249 CE),2,功成而弗居〔案永樂大典無而字弗作不〕,"The work is done, and the sage does not stay in it.",aligned to our base text,因物而用功自彼成故不居也,
2,王弼,Wang Bi (d. 249 CE),3,夫唯弗居〔案永樂大典弗作不〕是以不去,"Because the sage does not stay, it does not leave.",aligned to our base text,使功在已則功不可久也,
3,河上公,Heshang Gong (Han),1,不尚賢,"By not exalting the exceptional, the people have no cause to contend.",aligned to our base text,賢謂丗俗之賢辯口明文離道行權去質為文也不尚者不貴之以禄不貴之以官,
3,河上公,Heshang Gong (Han),2,使民不爭,"By not exalting the exceptional, the people have no cause to contend.",aligned to our base text,不爭功名返自然也,
3,河上公,Heshang Gong (Han),3,不貴難得之貨,"By not prizing rare goods, the people do not become thieves.",aligned to our base text,言人君不御好珎寳黄金棄於山珠玉捐於淵,
3,河上公,Heshang Gong (Han),4,使民不為盗,"By not prizing rare goods, the people do not become thieves.",aligned to our base text,上化清淨下无貪人,
3,河上公,Heshang Gong (Han),5,不見可欲,"By not displaying the desirable, the people's hearts are not disturbed.",aligned to our base text,放鄭聲逺美人,
3,河上公,Heshang Gong (Han),6,虛其心,"emptying their hearts and filling their bellies,",aligned to our base text,除嗜欲去亂煩,
3,河上公,Heshang Gong (Han),7,實其腹,"emptying their hearts and filling their bellies,",aligned to our base text,懐道抱一守五神也,
3,河上公,Heshang Gong (Han),8,弱其志,"weakening their ambition and strengthening their bones,",aligned to our base text,和柔謙讓不處權也,
3,河上公,Heshang Gong (Han),9,強其骨,"weakening their ambition and strengthening their bones,",aligned to our base text,愛精重施髓滿骨堅強其良反,
3,河上公,Heshang Gong (Han),10,常使民無知無欲,"so the people are ever unknowing, ever desireless,",aligned to our base text,反朴守淳,
3,河上公,Heshang Gong (Han),11,為無為,"Do the not-doing, and nothing is left ungoverned.",aligned to our base text,不造作動因循,
3,河上公,Heshang Gong (Han),12,則無不治,"Do the not-doing, and nothing is left ungoverned.",aligned to our base text,德化厚百姓安,
3,王弼,Wang Bi (d. 249 CE),1,是以聖人之治虚其心實其腹,"This is how the sage governs: emptying their hearts and filling their bellies,",aligned to our base text,心懐智而腹懐食虚有智而實無知也,
3,王弼,Wang Bi (d. 249 CE),2,弱其志强其骨,"weakening their ambition and strengthening their bones,",aligned to our base text,骨無知以幹志生事以亂心虛則志弱也〔案心虚則志弱也六字原本缺釋文有應在此注之下今校,
3,王弼,Wang Bi (d. 249 CE),3,常使民無知無欲,"so the people are ever unknowing, ever desireless,",aligned to our base text,守其真也,
3,王弼,Wang Bi (d. 249 CE),4,使夫智者不敢為也,and the knowers never push to act.,aligned to our base text,智者謂知為也,
3,王弼,Wang Bi (d. 249 CE),5,為無為則無不治,"Do the not-doing, and nothing is left ungoverned.",aligned to our base text,,
4,河上公,Heshang Gong (Han),1,或不盈,"The Tao is empty, and using it, it never fills.",aligned to our base text,或常也道常謙虛不盈滿,
4,河上公,Heshang Gong (Han),2,挫其銳,"It blunts the sharpness, untangles the knots,",aligned to our base text,銳進也人欲銳精進取功名當挫上之法道不自也挫子卧反銳恱歲反,
4,河上公,Heshang Gong (Han),3,解其紛,"It blunts the sharpness, untangles the knots,",aligned to our base text,紛結根也當念道无為以解釋紛拂云反,
4,河上公,Heshang Gong (Han),4,和其光,"dims its own light, is the same as the dust.",aligned to our base text,言雖有獨見之明當知闇昧不當以擢亂人也,
4,河上公,Heshang Gong (Han),5,同其塵,"dims its own light, is the same as the dust.",aligned to our base text,常與衆庻同垢塵不當自别殊,
4,河上公,Heshang Gong (Han),6,吾不知誰之子,I do not know whose child it is.,aligned to our base text,老子言我不知道所從生,
4,河上公,Heshang Gong (Han),7,象帝之先,It seems older than any god.,aligned to our base text,道自在天帝之前此言道乃先天地生也至今在者以能安靜湛然不勞煩欲使人修身法道,
4,王弼,Wang Bi (d. 249 CE),1,道沖而用之或不盈淵兮似萬物之宗挫其銳解其紛和其光同其塵湛兮似或存〔案或一作若〕吾不知誰之子象帝之先,"The Tao is empty, and using it, it never fills. Fathomless, it seems to be the ancestor of the countless things. It blunts the sharpness, untangles the knots, dims its own light, is the same as the dust. Submerged, it seems to be here. I do not know whose child it is. It seems older than any god.",aligned to our base text,夫執一家之量者不能全家執一國之量者不能成國窮力舉重不能為用故人雖知萬物治也治而不以二儀之道則不能贍也〔案贍原本作瞻今據永樂大典校改〕地雖形魄不法於天則不能全其寧天雖精象不法於道則不能保其精沖而用之用乃不能窮滿以造實實來則溢故沖而用之又復不盈其為無窮亦已極矣形雖大不能累其體事雖殷不能充其量萬物舍此而求主〔案永樂大典作求其生〕主其安在乎不亦淵兮似萬物之宗乎銳挫而無損紛解而不勞和光而不汙其體同塵而不渝其真不亦湛兮似或存乎地守其形徳不能過其載天慊其象徳不能過其覆天地莫能及之不亦似帝之先乎帝天帝也,
5,河上公,Heshang Gong (Han),1,天地不仁,Sky and earth are not concerned with humaneness: they treat the countless things as straw dogs. The sage is not concerned with humaneness: they treat the people as straw dogs.,aligned to our base text,天施地化不以仁恩任自然也,
5,河上公,Heshang Gong (Han),2,以萬物爲芻狗,Sky and earth are not concerned with humaneness: they treat the countless things as straw dogs. The sage is not concerned with humaneness: they treat the people as straw dogs.,aligned to our base text,天地生萬物人最為貴天地視之如芻草狗畜不貴望其報也芻楚狗反狗古口反,
5,河上公,Heshang Gong (Han),3,聖人不仁,Isn't the space between sky and earth like a bellows?,aligned to our base text,聖人愛養萬民不以仁恩法天地行自然,
5,河上公,Heshang Gong (Han),4,以百姓爲芻狗,Isn't the space between sky and earth like a bellows?,aligned to our base text,聖人視百姓如芻草狗畜不責望其禮意,
5,河上公,Heshang Gong (Han),5,天地之間,"Empty but never depleted, the more it moves, the more it yields.",aligned to our base text,天地之間空虚和氣流行故萬物自生人能除情欲節滋味清五藏則神明居之也,
5,河上公,Heshang Gong (Han),6,虛而不屈動而愈出,Speaking of this is a dead end.,aligned to our base text,言空虚无有屈竭時動揺之益出聲氣也愈羊王反,
5,河上公,Heshang Gong (Han),7,多言數窮,"Instead, hold the center in silence.",aligned to our base text,多事害神多言害身口開舌舉必有禍患數王弼注音𩀱遇反謂理數也明皇注音朔,
5,河上公,Heshang Gong (Han),8,不如守中,"Instead, hold the center in silence.",aligned to our base text,不如守德於中育養精神愛氣希言,
5,王弼,Wang Bi (d. 249 CE),1,天地不仁以萬物為芻狗,Sky and earth are not concerned with humaneness: they treat the countless things as straw dogs. The sage is not concerned with humaneness: they treat the people as straw dogs.,aligned to our base text,天地任自然無為無造萬物自相治理故不仁也仁者必造立施化有恩有為造立施化〔案原本脫此四字今據永樂大典校則物失其真有恩有為則物不具存物不具存則不足以備載矣地不為獸生芻而獸食芻不為人生狗而人食狗無為於萬物而萬物各適其所用則莫不贍矣〔案贍原本作瞻今據永樂大典校改〕若慧由巳樹〔案慧未足任也,
5,王弼,Wang Bi (d. 249 CE),2,聖人不仁以百姓為芻狗,Isn't the space between sky and earth like a bellows?,aligned to our base text,聖人與天地合其徳以百姓比芻狗也〔案比永樂大典作化〕,
5,王弼,Wang Bi (d. 249 CE),3,多言數窮不如守中,"Instead, hold the center in silence.",aligned to our base text,愈為之則愈失之矣物樹其惡事錯其言不濟不言不理必窮之數也橐籥而守數中則無窮盡棄己任物則莫不理若橐籥有意於為聲也則不足以共吹者之求也,
6,河上公,Heshang Gong (Han),1,谷神不死,The spirit of the valley is deathless.,aligned to our base text,谷養也人能養神則不死也神謂五藏之神也肝藏魂肺藏魄心藏神腎藏精脾藏志五藏盡傷則五神去矣,
6,河上公,Heshang Gong (Han),2,是謂玄牝,This is the dark female.,aligned to our base text,言不死之有在於玄牝玄天也於人為鼻牝地也於人為口天食人以五氣從鼻入藏於心五氣清微為精神聦明音聲五性其□曰魂魂者雄也主出入人鼻與天通故鼻為玄也地食人以五味從口入藏於胃五性濁辱為形骸骨肉血脉六情其□曰魄魄者雌也主出入於口與天地通故口為牝也牝頻忍反,
6,河上公,Heshang Gong (Han),3,□牝之門是謂天地根,This is the dark female. This dark gateway birthed the sky and the earth.,aligned to our base text,根元也言鼻口之門是乃通天地之元氣所從往來,
6,河上公,Heshang Gong (Han),4,綿綿若存,"Unceasing yet barely perceptible, it can never be exhausted.",aligned to our base text,鼻口呼噏喘息當綿綿微妙若可存復若无有,
6,河上公,Heshang Gong (Han),5,用之不勤,"Unceasing yet barely perceptible, it can never be exhausted.",aligned to our base text,用氣常寛舒不當急疾懃勞也,
6,王弼,Wang Bi (d. 249 CE),1,谷神不死是謂𤣥牝𤣥牝之門是謂天地根緜緜若存用之不勤,"The spirit of the valley is deathless. This is the dark female. This is the dark female. This dark gateway birthed the sky and the earth. Unceasing yet barely perceptible, it can never be exhausted. Unceasing yet barely perceptible, it can never be exhausted.",aligned to our base text,谷神谷中央無谷也無形無影無逆無違處卑不動守静不衰谷以之成而不見其形此至物也處卑而不可得名故謂天地之根緜緜若存用之不勤門𤣥牝之所由也本其所由與極同體故謂之天地之根也欲言存耶則不見其形欲言亡耶萬物以之生故緜緜若存也無物不成用而不勞也故曰用而不勤也,
7,河上公,Heshang Gong (Han),1,天長地乆,"The sky is lasting, the earth enduring.",aligned to our base text,說天地長生乆壽以喻教人也,
7,河上公,Heshang Gong (Han),2,天地所以能長且乆者以其不自生,"Lasting and enduring, Sky and earth do not live for themselves.",aligned to our base text,天地所以獨長且乆者以其安靜施不榮報不如人居處汲汲求自饒之利奪人以自與,
7,河上公,Heshang Gong (Han),3,故能長生,They endure without limit.,aligned to our base text,以其不求生故能長生不終也,
7,河上公,Heshang Gong (Han),4,是以聖人後其身,"Placing themselves last, the sage is first;",aligned to our base text,先人而後己者也,
7,河上公,Heshang Gong (Han),5,而身先,"Placing themselves last, the sage is first;",aligned to our base text,天下敬之先以為長,
7,河上公,Heshang Gong (Han),6,外其身,"unconcerned for themselves, their selves endure.",aligned to our base text,薄己而厚人也,
7,河上公,Heshang Gong (Han),7,而身存,"unconcerned for themselves, their selves endure.",aligned to our base text,百姓愛之如父母神明祐之若赤子故身常存,
7,河上公,Heshang Gong (Han),8,非以其無私邪,Is it not because they have no private self?,aligned to our base text,聖人為人所愛神明所祐非以其公正無私所致乎,
7,河上公,Heshang Gong (Han),9,故能成其私,And so their private self is fulfilled.,aligned to our base text,人以為私者欲以厚己也聖人无私而己自厚故能成其私也,
7,王弼,Wang Bi (d. 249 CE),1,天長地久天地所以能長且久者以其不自生,"The sky is lasting, the earth enduring. Lasting and enduring, Sky and earth do not live for themselves.",aligned to our base text,自生則與物争不自生則物歸也,
7,王弼,Wang Bi (d. 249 CE),2,故能長生是以聖人後其身而身先外其身而身存非以其無私耶故能成其私,"They endure without limit. Placing themselves last, the sage is first; unconcerned for themselves, their selves endure. Is it not because they have no private self? And so their private self is fulfilled.",aligned to our base text,無私者無為於身也身先身存故曰能成其私也八章〔案河上公注本此為易性章〕,
8,河上公,Heshang Gong (Han),1,上善若水,The most masterful are like water.,aligned to our base text,上善之人如水之性,
8,河上公,Heshang Gong (Han),2,水善利萬物,Water is masterful at benefiting the countless things and does not contend.,aligned to our base text,水在天為霧露在地為泉源也,
8,河上公,Heshang Gong (Han),3,而不爭處衆人之所惡,"Water is masterful at benefiting the countless things and does not contend. It dwells in what the crowd loathes,",aligned to our base text,衆人惡卑濕垢濁水獨靜流居之也惡烏路反,
8,河上公,Heshang Gong (Han),4,故幾於道,and so is nearly the Tao.,aligned to our base text,水性幾與道同幾音機,
8,河上公,Heshang Gong (Han),5,居善地,"In settling, masterful at choosing ground.",aligned to our base text,水性善喜於地草木之上即流而下有似於牝動而下人也,
8,河上公,Heshang Gong (Han),6,心善淵,"In the heart, masterful at staying deep.",aligned to our base text,水深空虚淵深清明,
8,河上公,Heshang Gong (Han),7,與善仁,"In giving, masterful at humaneness.",aligned to our base text,萬物得水以生與虚不與盈也,
8,河上公,Heshang Gong (Han),8,言善信,"In speech, masterful at trust.",aligned to our base text,水内影照形不失其情也,
8,河上公,Heshang Gong (Han),9,事善能,"In affairs, masterful at what can be done.",aligned to our base text,能方能圓曲直隨形,
8,河上公,Heshang Gong (Han),10,動善時,"In moving, masterful at timing.",aligned to our base text,夏散冬凝應期而動不失天時,
8,河上公,Heshang Gong (Han),11,夫唯不爭,"Because it does not contend,",aligned to our base text,壅之則止决之則流聽從人也,
8,河上公,Heshang Gong (Han),12,故無尤,there is no blame.,aligned to our base text,水性如是故天下无有怨尤水者也,
9,河上公,Heshang Gong (Han),1,持而盈之不如其巳,"Filling a vessel, stop before spilling. Filling a vessel, stop before spilling.",aligned to our base text,盈滿也巳止也持滿必傾不如止也,
9,河上公,Heshang Gong (Han),2,揣而銳之不可長保,An over-sharpened blade’s edge cannot last. An over-sharpened blade’s edge cannot last.,aligned to our base text,揣治也先揣之後必弃捐揣初委反,
9,河上公,Heshang Gong (Han),3,金玉滿堂莫之能守,The hall of gold and jade can’t be guarded. The hall of gold and jade can’t be guarded.,aligned to our base text,嗜欲傷神財多累身,
9,河上公,Heshang Gong (Han),4,富貴而驕自遺其咎,Those who seek wealth and status with arrogance bring ruin upon themselves. Those who seek wealth and status with arrogance bring ruin upon themselves.,aligned to our base text,大富當賑貧貴當憐賤而反驕恣必被禍患也遺唯季反咎求九反,
9,王弼,Wang Bi (d. 249 CE),1,持而盈之不如其巳,"Filling a vessel, stop before spilling. Filling a vessel, stop before spilling.",aligned to our base text,持謂不失徳也既不失其徳又盈之勢必傾危故不如其巳者謂乃更不如無徳無功者也,
9,王弼,Wang Bi (d. 249 CE),2,金玉滿堂莫之能守,The hall of gold and jade can’t be guarded. The hall of gold and jade can’t be guarded.,aligned to our base text,不若其巳,
9,王弼,Wang Bi (d. 249 CE),3,富貴而驕自遺其咎,Those who seek wealth and status with arrogance bring ruin upon themselves. Those who seek wealth and status with arrogance bring ruin upon themselves.,aligned to our base text,不可長保也,
9,王弼,Wang Bi (d. 249 CE),4,功遂身退〔案河上公注本及各本俱作功成名遂身退〕天之道,"When the work is done, cease striving. This is the way of nature. When the work is done, cease striving. This is the way of nature.",aligned to our base text,四時更運功成則移,
10,河上公,Heshang Gong (Han),1,載營魄,"Housing your soul and embracing the one, can you keep these from parting?",aligned to our base text,營魄魂魄也人載魂魄之上得以生當愛養之喜怒亡魂卒驚傷魄魂在肝魄在肺美酒甘肴腐人肺故魂靜志道不亂魄安得夀延年也,
10,河上公,Heshang Gong (Han),2,抱一能無離,"Housing your soul and embracing the one, can you keep these from parting? Gathering the breath to softness, can you be like an infant?",aligned to our base text,言人能抱一使不離於身則長存一者道始所生大和之精氣也故曰一布名於天下天得一以清地得一以寧侯王得一以為正平入為心出為行布施為德揔名為一一之為言志一无二也離力智反,
10,河上公,Heshang Gong (Han),3,專氣致柔,"Gathering the breath to softness, can you be like an infant?",aligned to our base text,專守精氣使不乱則形躰能應之而柔順,
10,河上公,Heshang Gong (Han),4,滌除玄覽,"Loving the people and governing the state, can you be unknowing?",aligned to our base text,當洗其心使潔淨也心居玄冥之處覽知万事故謂之玄覽也滌徒歷反,
10,河上公,Heshang Gong (Han),5,能無疵,"Loving the people and governing the state, can you be unknowing?",aligned to our base text,不□邪也淨能无疵病乎疵在斯反,
10,河上公,Heshang Gong (Han),6,愛民治國,"When the gate of the sky opens and closes, can you be the hen?",aligned to our base text,治身者愛氣則身全治國者愛民則國安,
10,河上公,Heshang Gong (Han),7,能無知,"Clarity reaching the four quarters, can you be non-doing?",aligned to our base text,治身者呼吸精氣无令耳闻也治國者布施惠德无令下知也,
10,河上公,Heshang Gong (Han),8,天門開闔,"Clarity reaching the four quarters, can you be non-doing?",aligned to our base text,天門謂北極紫㣲宫開闔謂終始五際也治身天門謂鼻孔開謂喘息闔謂呼吸也闔户臘反,
10,河上公,Heshang Gong (Han),9,能無知,"Clarity reaching the four quarters, can you be non-doing?",aligned to our base text,无有能知道滿於天下者,
10,河上公,Heshang Gong (Han),10,生之畜之,"acting yet relying on nothing,",aligned to our base text,道生萬物而畜養之,
10,河上公,Heshang Gong (Han),11,生而不有,growing them without ruling them –,aligned to our base text,道生万物无所取有,
10,河上公,Heshang Gong (Han),12,為而不恃,growing them without ruling them –,aligned to our base text,道所施為不恃望其報也,
10,河上公,Heshang Gong (Han),13,長而不宰,this is called profound integrity.,aligned to our base text,道長養万物不宰割以為器用長丁文反,
10,河上公,Heshang Gong (Han),14,是謂玄德,this is called profound integrity.,aligned to our base text,言道行德玄冥不可得見欲使人如道也,
10,王弼,Wang Bi (d. 249 CE),1,載營魄抱一能無離乎,"Housing your soul and embracing the one, can you keep these from parting? Gathering the breath to softness, can you be like an infant?",aligned to our base text,載猶處也營魄人之常居處也一人之真也言人能處常居之宅抱一清神能常無離乎則萬物自賔也,
10,王弼,Wang Bi (d. 249 CE),2,滌除𤣥覽能無疵乎,"Loving the people and governing the state, can you be unknowing? Loving the people and governing the state, can you be unknowing?",aligned to our base text,𤣥物之極也言能滌除邪飾至於極覽能不以物介其明疵之其神乎〔案二句疑有脫誤〕則終與𤣥同也,
10,王弼,Wang Bi (d. 249 CE),3,愛民治國能無知乎,"When the gate of the sky opens and closes, can you be the hen? Clarity reaching the four quarters, can you be non-doing?",aligned to our base text,任術以求成運數以求匿者智也𤣥覽無疵猶絶聖也治國無以智猶棄智也能無以智乎則民不辟而國治之也,
10,王弼,Wang Bi (d. 249 CE),4,明白四達能無為乎,"giving birth without possessing, giving birth without possessing,",aligned to our base text,言至明四達無迷無惑能無以為乎則物化矣所謂道常無為侯王若能守則萬物自化,
10,王弼,Wang Bi (d. 249 CE),5,生之,"acting yet relying on nothing,",aligned to our base text,不塞其原也,
10,王弼,Wang Bi (d. 249 CE),6,畜之,"acting yet relying on nothing,",aligned to our base text,不禁其性也,
10,王弼,Wang Bi (d. 249 CE),7,生而不有為而不恃長而不宰是謂𤣥徳,growing them without ruling them – growing them without ruling them – this is called profound integrity. this is called profound integrity.,aligned to our base text,不塞其原則物自生何功之有不禁其性則物自濟何為之恃物自長足不吾宰成有徳無主非𤣥而何〔案而永樂大典作如古文而如通用〕凡言𤣥徳皆有徳而不知其主出乎幽□,
11,河上公,Heshang Gong (Han),1,三十輻共一轂,Thirty spokes meet in a single hub.,aligned to our base text,古者車三十輻法月數也共一轂者轂中有孔故衆輻共湊之治身者當除情去欲使五藏空虛神乃歸之也治國者寡能揔衆弱共使強輻音福轂古木反,
11,河上公,Heshang Gong (Han),2,當其無有車之用,"Through the emptiness at its center, the cart can roll. Through the emptiness it contains,",aligned to our base text,无謂空虚轂中空虚車得去行轝中空虚人能載其上也當丁浪反,
11,河上公,Heshang Gong (Han),3,埏埴以為器,"Through the emptiness it contains,",aligned to our base text,埏和也埴土也和土以為飲食之器埏始然反埴市力反,
11,河上公,Heshang Gong (Han),4,當其無有器之用,"A clay vessel becomes useful. Through the empty spaces cut into walls,",aligned to our base text,器中空虚故得有所盛受,
11,河上公,Heshang Gong (Han),5,鑿户牖以為室,A room becomes useful.,aligned to our base text,謂作屋室,
11,河上公,Heshang Gong (Han),6,當其無有室之用,"A room becomes useful. Therefore, filled space creates potential.",aligned to our base text,言户牖空虚人得以出入觀視室中空虚人得以居處是其用,
11,河上公,Heshang Gong (Han),7,故有之以為利,Empty space makes things useful.,aligned to our base text,利物也利於形用器中有物室中有人恐其屋破壞腹中有神畏形之消亡也,
11,河上公,Heshang Gong (Han),8,無之以為用,Empty space makes things useful.,aligned to our base text,言虚空者乃可用盛受萬物故曰虚无能制有形道者空也,
11,王弼,Wang Bi (d. 249 CE),1,三十輻共一轂當其無有車之用,"Thirty spokes meet in a single hub. Through the emptiness at its center, the cart can roll. Through the emptiness it contains,",aligned to our base text,轂所以能統三十輻者無也以其無能受物之故故能以實統衆也,
12,河上公,Heshang Gong (Han),1,五色令人目盲,The full spectrum of colors makes the eyes blind.,aligned to our base text,貪淫好色則傷精失明也令力征反盲陌庚反,
12,河上公,Heshang Gong (Han),2,五音令人耳聾,The full spectrum of tones makes the ears deaf.,aligned to our base text,好聽五音則和氣去心不能聽無聲之聲聾力東反,
12,河上公,Heshang Gong (Han),3,五味令人口爽,The full spectrum of flavors makes the palate dull.,aligned to our base text,爽亡也人嗜五味於口則口亡言失於道味也,
12,河上公,Heshang Gong (Han),4,馳騁田獵令人心發狂,Galloping in pursuit of prey makes the heart wild. Galloping in pursuit of prey makes the heart wild.,aligned to our base text,人精神好安靜馳騁呼吸精神散亡故發狂也騁敕領反,
12,河上公,Heshang Gong (Han),5,難得之貨令人行妨,"Rare goods make actions corrupt. Therefore the sage acts for the belly, not for the eye.",aligned to our base text,妨傷也難得之貨謂金銀珠玉心貪意欲不知厭足則行傷身辱也行下孟反妨音方,
12,河上公,Heshang Gong (Han),6,是以聖人為腹,They let go of what is out there and take what is here.,aligned to our base text,守五性去六情節志氣養神明,
12,河上公,Heshang Gong (Han),7,不為目,They let go of what is out there and take what is here.,aligned to our base text,目不妄視妄視泄精於外,
12,河上公,Heshang Gong (Han),8,故去彼取此,They let go of what is out there and take what is here.,aligned to our base text,去彼目之妄視取此腹之養性去羌吕反,
12,王弼,Wang Bi (d. 249 CE),1,五色令人目盲五音令人耳聾五味令人口爽馳騁畋獵令人心發狂,The full spectrum of colors makes the eyes blind. The full spectrum of tones makes the ears deaf. The full spectrum of flavors makes the palate dull. Galloping in pursuit of prey makes the heart wild. Galloping in pursuit of prey makes the heart wild.,aligned to our base text,爽差失也失口之用故謂之爽夫耳目口心皆順其性也不以順性命反以傷自然故曰盲聾爽狂也,
12,王弼,Wang Bi (d. 249 CE),2,難得之貨令人行妨,"Rare goods make actions corrupt. Therefore the sage acts for the belly, not for the eye.",aligned to our base text,難得之貨塞人正路故令人行妨也,
12,王弼,Wang Bi (d. 249 CE),3,是以聖人為腹不為目故去彼取此,They let go of what is out there and take what is here. They let go of what is out there and take what is here.,aligned to our base text,為腹者以物養己為目者以物役己故聖人不為目也,
13,河上公,Heshang Gong (Han),1,寵辱若驚,Both favor and disgrace cause alarm.,aligned to our base text,身寵亦驚身辱亦驚,
13,河上公,Heshang Gong (Han),2,貴大患若身,Value misfortune as your own body.,aligned to our base text,貴畏也若至也畏大患至身故皆驚,
13,河上公,Heshang Gong (Han),3,何謂寵辱,What does it mean that favor and disgrace both cause alarm?,aligned to our base text,問何為寵何為辱寵者尊　榮辱者恥辱及身還自問者以曉人也,
13,河上公,Heshang Gong (Han),4,得之若驚,You must stoop to receive favor.,aligned to our base text,得寵榮驚者處髙位如臨深危也貴不敢驕富不敢奢,
13,河上公,Heshang Gong (Han),5,失之若驚,Receiving it causes alarm.,aligned to our base text,失者失寵處辱也驚者恐禍重來也,
13,河上公,Heshang Gong (Han),6,是謂寵辱若驚,Losing it also causes alarm.,aligned to our base text,解上得之若驚失之若驚,
13,河上公,Heshang Gong (Han),7,何謂貴大患若身,Losing it also causes alarm.,aligned to our base text,復還自問何故畏人若身,
13,河上公,Heshang Gong (Han),8,吾所以有大患者為吾有身,This is why favor and disgrace both cause alarm. What does it mean to value misfortune as your own body?,aligned to our base text,吾所以有大患者為吾有身有身憂其勤勞念其飢寒觸情從欲則遇禍患也,
13,河上公,Heshang Gong (Han),9,及吾無身吾有何患,I only experience misfortune because I have a body. I only experience misfortune because I have a body.,aligned to our base text,使吾无有身體得道自然輕舉昇雲出入无間與道通神當有何患,
13,王弼,Wang Bi (d. 249 CE),1,寵辱若驚貴大患若身何謂寵辱若驚寵為下得之若驚失之若驚是謂寵辱若驚,Both favor and disgrace cause alarm. Value misfortune as your own body. What does it mean that favor and disgrace both cause alarm? What does it mean that favor and disgrace both cause alarm? You must stoop to receive favor. Receiving it causes alarm. Losing it also causes alarm.,aligned to our base text,寵必有辱榮必有患驚辱等榮患同也為下得寵辱榮患若驚則不足以亂天下也,
13,王弼,Wang Bi (d. 249 CE),2,何謂貴大患若身,Losing it also causes alarm.,aligned to our base text,大患榮寵之屬也生之厚必入死之地故謂之大患也人迷之於榮寵返之於身故曰大患若身也,
13,王弼,Wang Bi (d. 249 CE),3,吾所以有大患者為吾有身,This is why favor and disgrace both cause alarm. What does it mean to value misfortune as your own body?,aligned to our base text,由有其身也,
13,王弼,Wang Bi (d. 249 CE),4,及吾無身,I only experience misfortune because I have a body.,aligned to our base text,歸之自然也,
13,王弼,Wang Bi (d. 249 CE),5,吾有何患故貴以身為天下若可寄天下〔案若可寄永樂大典作則可以寄河上公注本作則可寄於天下〕,"I only experience misfortune because I have a body. When the separate self dissolves, what troubles could I have? Therefore, one who values the world as their body can be entrusted with the world.",aligned to our base text,無以易其身故曰貴也如此乃可以託天下也,
13,王弼,Wang Bi (d. 249 CE),6,愛以身為天下若可託天下〔案若可託永樂大典作乃可以託河上公注本作乃可以託於天下〕,One who loves the whole world as their own body can truly care for it. One who loves the whole world as their own body can truly care for it.,aligned to our base text,無物可以損其身故曰愛也如此乃可以寄天下也不以寵辱榮患損易其身然後乃可以天下付之也十四章〔案河上公注本此為贊𤣥章〕,
14,河上公,Heshang Gong (Han),1,視之不見名曰夷,"Look, but you cannot see it – its name is the invisible. Listen, but you cannot hear it – its name is the inaudible.",aligned to our base text,無色曰夷言一無采色不可得視而見之,
14,河上公,Heshang Gong (Han),2,聽之不聞名曰希,"Reach, but you cannot grasp it – its name is the intangible. These three defy comprehension.",aligned to our base text,無聲曰希言一無音聲不可得聽而聞之,
14,河上公,Heshang Gong (Han),3,□之不得名曰微,"These three defy comprehension. Therefore, they blend into one.",aligned to our base text,無形曰微言一無形體不可搏持而得之,
14,河上公,Heshang Gong (Han),4,此三者不可致詰,"It doesn’t have a bright top,",aligned to our base text,三者謂夷希微也不可致詰者夫無色無聲無形口不能言書不能傳當受之以靜求之以神不可詰問而得之也詰起吉反,
14,河上公,Heshang Gong (Han),5,故混而為一,Or a dark bottom.,aligned to our base text,混合也故合於三名之而為一混户本反,
14,河上公,Heshang Gong (Han),6,其上不皦,Or a dark bottom.,aligned to our base text,言一在天上不皦皦光明皦古曉反,
14,河上公,Heshang Gong (Han),7,其下不昧,"Continuously flowing, it cannot be named",aligned to our base text,言一在天下不昧昧有所闇冥昧梅對反,
14,河上公,Heshang Gong (Han),8,復歸於無物,"This is the shape of no-shape, the image of no-thing.",aligned to our base text,物質也復當歸之於無質復音服,
14,河上公,Heshang Gong (Han),9,是謂無狀之狀,"This is the shape of no-shape, the image of no-thing.",aligned to our base text,言一無形狀而能為万物作形狀也,
14,河上公,Heshang Gong (Han),10,無物之象,This is called the elusive.,aligned to our base text,一無物質而為萬物設形象也,
14,河上公,Heshang Gong (Han),11,迎之不見其首,"Follow it, and you cannot see its back.",aligned to our base text,一無端末不可預待也除情去欲一自歸之也,
14,河上公,Heshang Gong (Han),12,隨之不見其後,"Follow it, and you cannot see its back.",aligned to our base text,言一無影迹不可得而看,
14,河上公,Heshang Gong (Han),13,執古之道以御今之有,"Hold the ancient Tao, and steer what is present now. Know the primordial source,",aligned to our base text,聖人執守古道生一以御物知今當有一也,
14,韓非,Han Fei (d. 233 BCE),1,無狀之狀，無物之象。,"This is the shape of no-shape, the image of no-thing. This is called the elusive.",aligned to our base text,〔解老〕 人希見生象也，而得死象之骨，案其圖以想其生也，故諸人之所以意想者皆謂之「象」也。今道雖不可得聞見，聖人執其見功以處見其形，故曰：「無狀之狀，無物之象。」,
15,河上公,Heshang Gong (Han),1,古之善為士者,The ancient masters,aligned to our base text,謂得道之君也,
15,河上公,Heshang Gong (Han),2,微妙玄通,Were subtle-fine and dark-penetrating —,aligned to our base text,玄天也言其志節玄妙精與天通也,
15,河上公,Heshang Gong (Han),3,深不可識,Too deep to be fathomed.,aligned to our base text,道德深逺不可識知内視若盲反聽若聾莫知所長,
15,河上公,Heshang Gong (Han),4,夫唯不可識故强為之容,"Because they cannot be known, I can only force a description: Careful, like crossing a frozen river.",aligned to our base text,謂下句也强其文反,
15,河上公,Heshang Gong (Han),5,猶兮若畏四隣,"Dignified, like a guest.",aligned to our base text,其進退猶猶如拘制若人犯法畏四隣知之也,
15,河上公,Heshang Gong (Han),6,儼兮其若客,"Yielding, like melting ice.",aligned to our base text,如客畏主人儼然無所造作也儼魚撿反,
15,河上公,Heshang Gong (Han),7,曠兮其若谷,"Mixed, like muddy water.",aligned to our base text,曠者寛大谷者空虛不有德功名無所不包也,
15,河上公,Heshang Gong (Han),8,孰能濁以靜之徐清,"Who can be still, then move in ways that gradually stir life?",aligned to our base text,孰誰也誰能知水之濁止而淨之徐徐自清也,
15,河上公,Heshang Gong (Han),9,保此道者不欲盈,"Because they don’t seek to become full,",aligned to our base text,保此徐生之道不欲奢泰盈溢,
16,河上公,Heshang Gong (Han),1,守靜篤,Embrace stillness.,aligned to our base text,守清淨行篤厚,
16,河上公,Heshang Gong (Han),2,萬物並作,"The countless things arise together,",aligned to our base text,作生也萬物並生也,
16,河上公,Heshang Gong (Han),3,夫物芸芸,"Multitudes flourish,",aligned to our base text,芸芸者華葉盛,
16,河上公,Heshang Gong (Han),4,各復歸其根,Each returns energy to its root.,aligned to our base text,言萬物無不枯落各復反其根而更生也,
16,河上公,Heshang Gong (Han),5,歸根曰靜,Returning to the root is called stillness.,aligned to our base text,靜謂根也根安靜柔弱謙卑處下故不復死也,
16,河上公,Heshang Gong (Han),6,是謂復命,This is called returning to what was given.,aligned to our base text,言安靜者是為復還性命使不死也,
16,河上公,Heshang Gong (Han),7,復命曰常,Returning to what was given is called the ever-present.,aligned to our base text,復命使不死乃道之所常行也,
16,河上公,Heshang Gong (Han),8,知常曰明,Knowing the ever-present is called clear-seeing.,aligned to our base text,能知道之所常行則為明,
16,河上公,Heshang Gong (Han),9,知常容,Embracing all leads to impartiality.,aligned to our base text,能知道之所常行去情忘欲无所不包容也,
16,河上公,Heshang Gong (Han),10,容乃公,Impartiality leads to sovereignty.,aligned to our base text,無所不包容則公正無私衆邪莫當,
16,河上公,Heshang Gong (Han),11,公乃王,Sovereignty leads to the open sky.,aligned to our base text,公正無私可以為天下王治身正則形一神明千萬共湊已躬也,
16,河上公,Heshang Gong (Han),12,王乃天,The open sky leads to the Tao.,aligned to our base text,能王德合神明乃與天子,
16,河上公,Heshang Gong (Han),13,天乃道,The Tao leads to the enduring.,aligned to our base text,德與天通則與道合同也,
16,河上公,Heshang Gong (Han),14,道乃久,"and to the end of your days, no danger will find you.",aligned to our base text,與道合同乃能長久,
16,河上公,Heshang Gong (Han),15,没身不殆,"and to the end of your days, no danger will find you.",aligned to our base text,能公能天通天合道四者純備道德弘逺無殃無咎乃與天地俱没不危殆也,
16,王弼,Wang Bi (d. 249 CE),1,致虛極守静篤,Attain emptiness. Embrace stillness.,aligned to our base text,言致虚物之極篤守静物之真正也,
16,王弼,Wang Bi (d. 249 CE),2,萬物並作,"The countless things arise together,",aligned to our base text,動作生長,
16,王弼,Wang Bi (d. 249 CE),3,吾以觀復〔案觀下河上公注本及各本俱有其字〕,"Relying upon this, I observe their return.",aligned to our base text,以虛静觀其反復凡有起於虛動起於静故萬物雖並動作卒復歸於虛静是物之極篤也,
16,王弼,Wang Bi (d. 249 CE),4,夫物芸芸各復歸其根,"Multitudes flourish, Each returns energy to its root.",aligned to our base text,各返其所始也,
16,王弼,Wang Bi (d. 249 CE),5,歸根曰静是謂復命復命曰常,Returning to the root is called stillness. This is called returning to what was given. Returning to what was given is called the ever-present.,aligned to our base text,歸根則静故曰静静則復命故曰復命也復命則得性命之常故曰常也,
16,王弼,Wang Bi (d. 249 CE),6,知常曰明不知常妄作凶,Knowing the ever-present is called clear-seeing. Not knowing the ever-present brings reckless action and disaster. Knowing the ever-present creates the capacity to embrace the totality.,aligned to our base text,常之為物不偏不彰無皦昧之狀〔案皦原本訛作敝今據永樂大典校改〕温凉之象故曰知常曰明也唯此復乃〔案永樂大典無乃字〕能包通萬物無所不容失此以徃則邪入乎分則物離其分〔案原本脫其字今據釋文校故曰不知常則妄作凶也,
16,王弼,Wang Bi (d. 249 CE),7,知常容,Embracing all leads to impartiality.,aligned to our base text,無所不包通也,
16,王弼,Wang Bi (d. 249 CE),8,容乃公,Impartiality leads to sovereignty.,aligned to our base text,無所不包通則乃至於蕩然公平也,
16,王弼,Wang Bi (d. 249 CE),9,公乃王,Sovereignty leads to the open sky.,aligned to our base text,蕩然公平則乃至於無所不周普也,
16,王弼,Wang Bi (d. 249 CE),10,王乃天,The open sky leads to the Tao.,aligned to our base text,無所不周普則乃至於同乎天也〔案也永樂大典作均〕,
16,王弼,Wang Bi (d. 249 CE),11,天乃道,The Tao leads to the enduring.,aligned to our base text,與天合徳體道大通則乃至於極虚無也,
16,王弼,Wang Bi (d. 249 CE),12,道乃久,"and to the end of your days, no danger will find you.",aligned to our base text,窮極虛無得道之常〔案道永樂大典作物誤〕則乃至於不窮極也〔案窮原本訛作有今據永樂大典校改〕,
16,王弼,Wang Bi (d. 249 CE),13,沒身不殆,"and to the end of your days, no danger will find you.",aligned to our base text,無之為物水火不能害金石不能殘用之於心則虎兕無所投其齒角〔案齒永樂大典作爪〕兵戈無所容其鋒刃何危殆之有乎,
17,河上公,Heshang Gong (Han),1,太上下知有之,"About the greatest leaders, little is known.",aligned to our base text,太上謂太古无名之君也下知有之者下知上有君而不臣事質朴也,
17,河上公,Heshang Gong (Han),2,其次畏之,Poor leaders are feared.,aligned to our base text,設刑法以治之,
17,河上公,Heshang Gong (Han),3,其次侮之,The worst leaders are despised by all.,aligned to our base text,禁多令煩不可歸誠故欺侮之侮亡甫反,
17,河上公,Heshang Gong (Han),4,信不足焉,"Where trust runs short, there is no trust.",aligned to our base text,君信不足於下下則應之以不信而欺其君也,
17,河上公,Heshang Gong (Han),5,功成事遂,"When their work is done,",aligned to our base text,謂天下太平也,
17,河上公,Heshang Gong (Han),6,百姓皆謂我自然,"The people all say, “We did this by ourselves.”",aligned to our base text,百姓不知君上之德淳厚反以為只自當然也,
17,王弼,Wang Bi (d. 249 CE),1,太上下知有之〔案下永樂大典作不吳澄注亦作不〕,"About the greatest leaders, little is known.",aligned to our base text,太上謂大人也大人在上故曰太上大人在上居無為之事行不言之教萬物作焉而不為始故下知有之而已言從上也〔案言從上也四字原本誤移於信不足焉節注内永樂大典在有之而已下今校改〕,
17,王弼,Wang Bi (d. 249 CE),2,其次親而譽之〔案而河上公注本及各本俱作之〕,Good leaders are widely loved and praised.,aligned to our base text,不能以無為居事不言為教立善行施使下得親而譽之也,
17,王弼,Wang Bi (d. 249 CE),3,其次畏之,Poor leaders are feared.,aligned to our base text,不復能以恩仁令物而頼威權也,
17,王弼,Wang Bi (d. 249 CE),4,其次侮之〔案永樂大典無其次二字〕,The worst leaders are despised by all.,aligned to our base text,不能法以正齊民而以智治國下知避之其令不從故曰侮之也,
17,王弼,Wang Bi (d. 249 CE),5,信不足焉有不信焉,"Where trust runs short, there is no trust.",aligned to our base text,夫御體失性則疾病生輔物失真則疵釁作信不足焉則有不信此自然之道也已處不足非智之所齊也〔案此節注夫御上有言從上也四字今據永樂大典移於首節注末永樂大典又誤以此注移寘其次親而譽之三節注前仍以此本為長〕,
17,王弼,Wang Bi (d. 249 CE),6,悠兮其貴言〔案悠河上公注本及各本俱作猶〕功成事遂百姓皆謂我自然,"The greatest leaders speak sparingly. When their work is done, The people all say, “We did this by ourselves.”",aligned to our base text,自然其端兆不可得而見也其意趣不可得而覩也無物可以易其言言必有應故曰悠兮其貴言也居無為之事行不言之教不以形立物〔案形永樂大典作刑〕故功成事遂而百姓不知其所以然也,
18,河上公,Heshang Gong (Han),1,大道廢有仁義,"When the great Tao is discarded, humaneness and duty appear.",aligned to our base text,大道之時家有孝子户有忠信仁義不見也大道廢不用惡逆生乃有仁義可傳道,
18,河上公,Heshang Gong (Han),2,六親不和有孝慈,"When kin are out of harmony, devotion and tenderness appear.",aligned to our base text,六絶絶親戚不和乃有孝慈相牧養也,
18,王弼,Wang Bi (d. 249 CE),1,大道廢有仁義,"When the great Tao is discarded, humaneness and duty appear.",aligned to our base text,失無為之事更以施慧〔案施原本作於今據永樂大典校改〕立善道進物也,
18,王弼,Wang Bi (d. 249 CE),2,六親不和有孝慈〔案慈永樂大典作子〕國家昏亂有忠臣,"When kin are out of harmony, devotion and tenderness appear. When nations fall into chaos, loyal ministers appear.",aligned to our base text,甚美之名生於大惡所謂美惡同門六親父子兄弟夫婦也若六親自和國家自治則孝慈忠臣不知其所在矣魚相忘於江湖之道則相濡之徳生也十九章〔案河上公注本此作還淳章永樂大典此章與上章合為一章〕,
19,河上公,Heshang Gong (Han),1,絶聖,"Cut off sagehood, abandon cleverness, and the people benefit a hundredfold.",aligned to our base text,絶聖制作反初守元五帝垂象蒼頡作書不如三皇結繩無文,
19,河上公,Heshang Gong (Han),2,棄智,"Cut off sagehood, abandon cleverness, and the people benefit a hundredfold.",aligned to our base text,棄智惠反无為,
19,河上公,Heshang Gong (Han),3,民利百倍,"Cut off sagehood, abandon cleverness, and the people benefit a hundredfold.",aligned to our base text,農事修公無私倍蒲罪反,
19,河上公,Heshang Gong (Han),4,絶仁棄義,"Cut off humaneness, abandon duty, and the people return to devotion and tenderness.",aligned to our base text,絶仁之見恩惠棄義之尚華信,
19,河上公,Heshang Gong (Han),5,民復孝慈,"Cut off humaneness, abandon duty, and the people return to devotion and tenderness.",aligned to our base text,德化淳也,
19,河上公,Heshang Gong (Han),6,絶巧棄利,"Cut off cunning, abandon profit, and there are no thieves.",aligned to our base text,絶巧者詐偽亂眞也弃利者塞貪路閉權門也,
19,河上公,Heshang Gong (Han),7,盗賊無有,"Cut off cunning, abandon profit, and there are no thieves.",aligned to our base text,上化公政下無邪私,
19,河上公,Heshang Gong (Han),8,此三者,"These three, taken as cultural form, are not enough.",aligned to our base text,謂上三事所棄絶也,
19,河上公,Heshang Gong (Han),9,以為文不足,"These three, taken as cultural form, are not enough.",aligned to our base text,以為文不足者文不足以教民,
19,河上公,Heshang Gong (Han),10,故令有所屬,So give them something to belong to:,aligned to our base text,當如下句令力征反屬之欲反,
19,河上公,Heshang Gong (Han),11,少私寡欲,"diminish the self, diminish desire.",aligned to our base text,少私者正無私也寡欲者當知足也,
20,河上公,Heshang Gong (Han),1,絶學,Cut off learning and there is no worry.,aligned to our base text,絶學不眞不合道文,
20,河上公,Heshang Gong (Han),2,無憂,Cut off learning and there is no worry.,aligned to our base text,除浮華則無憂患也,
20,河上公,Heshang Gong (Han),3,唯之與阿相去幾何,"Between a respectful yes and a careless yeah,",aligned to our base text,同為應對而相去幾何疾時賤質而貴文唯遺癸反,
20,河上公,Heshang Gong (Han),4,人之所畏不可不畏,"Between good and bad,",aligned to our base text,人謂道人也人所畏者畏不絶學之君也不可不畏近令色殺仁賢,
20,河上公,Heshang Gong (Han),5,荒兮其未央哉,how far apart?,aligned to our base text,或言世俗人荒亂欲進學為文未央止也,
20,河上公,Heshang Gong (Han),6,如享太牢,"How wild it is, and without end!",aligned to our base text,如飢思太牢之具意無足時也,
20,河上公,Heshang Gong (Han),7,如春登臺,"The crowd is merry, as if at a great feast,",aligned to our base text,春隂陽交通萬物感動登臺觀之意志淫淫然,
20,河上公,Heshang Gong (Han),8,衆人皆有餘,"listless, as if with nowhere to return.",aligned to our base text,衆人餘財以為奢餘智以為詐,
20,河上公,Heshang Gong (Han),9,而我獨若遺,The crowd all have more than enough.,aligned to our base text,我獨如遺棄似於不足也,
20,河上公,Heshang Gong (Han),10,我愚人之心也哉,I alone seem to have missed out.,aligned to our base text,不與俗人相隨守一不移如愚人之心也,
20,河上公,Heshang Gong (Han),11,沌沌兮,I have the heart of a fool!,aligned to our base text,无所分别,
20,河上公,Heshang Gong (Han),12,俗人昭昭,How muddled!,aligned to our base text,明且逹也,
20,河上公,Heshang Gong (Han),13,俗人察察,The worldly are sharp. I alone am dull.,aligned to our base text,察察急且疾也,
20,河上公,Heshang Gong (Han),14,我獨悶悶,"Calm, like the sea.",aligned to our base text,悶悶无所割截,
20,河上公,Heshang Gong (Han),15,衆人皆有以,"I alone am stubborn, and look coarse.",aligned to our base text,以有為也,
20,河上公,Heshang Gong (Han),16,而我獨頑,I alone differ from others:,aligned to our base text,我獨無為,
20,河上公,Heshang Gong (Han),17,似鄙,I alone differ from others:,aligned to our base text,鄙似若不逮也,
20,河上公,Heshang Gong (Han),18,我獨異於人,I prize feeding from the mother.,aligned to our base text,我獨與人異也,
20,河上公,Heshang Gong (Han),19,而貴食母,I prize feeding from the mother.,aligned to our base text,食用也母道也我獨貴用道也,
20,王弼,Wang Bi (d. 249 CE),1,絶學無憂唯之與阿相去幾何善之與惡相去若何〔案若何河上公注本及各本俱作何若〕人之所畏不可不畏,"Cut off learning and there is no worry. Between a respectful yes and a careless yeah, how much distance? Between good and bad,",aligned to our base text,下篇為學者日益為道者日損然則學求益所能而進其智者也若將無欲而足何求於益不知而中何求於進夫燕雀有匹〔案燕原本作鷙今據永樂大典校改〕鳩鴿有仇寒鄉之民必知旃裘自然已足益之則憂故續鳧之足何異截鶴之脛畏譽而進何異畏刑唯阿美惡相去何若故人之所畏吾亦畏焉未敢恃之以為用也,
20,王弼,Wang Bi (d. 249 CE),2,荒兮其未央哉,how far apart?,aligned to our base text,歎與俗相返之逺也〔案永樂大典無此句〕,
20,王弼,Wang Bi (d. 249 CE),3,衆人熙熙如享太牢如春登臺〔案春登臺一本作登春臺〕,"What people fear must be feared. How wild it is, and without end! The crowd is merry, as if at a great feast,",aligned to our base text,衆人迷於美進惑於榮利欲進心競故熙熙如享太牢如春登臺也,
20,王弼,Wang Bi (d. 249 CE),4,我獨泊兮其未兆〔案永樂大典無獨字〕如嬰兒之未孩,"as if climbing a terrace in spring. I alone am moored, and show no sign,",aligned to our base text,言我廓然無形之可名無兆之可舉如嬰兒之未能孩也,
20,王弼,Wang Bi (d. 249 CE),5,衆人皆有餘而我獨若遺〔案永樂大典無而字〕,"listless, as if with nowhere to return. The crowd all have more than enough.",aligned to our base text,衆人無不有懐有志盈溢胸心故曰皆有餘也我獨廓然無為無欲若遺失之也,
20,王弼,Wang Bi (d. 249 CE),6,我愚人之心也哉,I alone seem to have missed out.,aligned to our base text,絶愚之人心無所别析意無所好欲猶然其情不可覩我頹然若此也,
20,王弼,Wang Bi (d. 249 CE),7,沌沌兮,I have the heart of a fool!,aligned to our base text,無所别析不可為明〔案明原本作也今據永樂大典校改〕,
20,王弼,Wang Bi (d. 249 CE),8,俗人昭昭,How muddled!,aligned to our base text,耀其光也,
20,王弼,Wang Bi (d. 249 CE),9,我獨昏昏〔案昏昏河上公注本作若昏〕俗人察察,The worldly are bright. I alone am dark. The worldly are sharp. I alone am dull.,aligned to our base text,分别别析也,
20,王弼,Wang Bi (d. 249 CE),10,我獨悶悶澹兮其若海〔案澹兮永樂大典作漂乎一本作忽兮〕,"Calm, like the sea. Blown along, as if never stopping.",aligned to our base text,情不可覩,
20,王弼,Wang Bi (d. 249 CE),11,飂兮若無止〔案飂河上公注本作漂永樂大典無下有所字〕,The crowd all have something to use themselves for.,aligned to our base text,無所繫縶,
20,王弼,Wang Bi (d. 249 CE),12,衆人皆有以,"I alone am stubborn, and look coarse.",aligned to our base text,以用也皆欲有所施用也,
20,王弼,Wang Bi (d. 249 CE),13,而我獨頑似鄙〔案一本無而字〕,I alone differ from others:,aligned to our base text,無所欲為悶悶昏昏若無所識故曰頑且鄙也,
20,王弼,Wang Bi (d. 249 CE),14,我獨異於人而貴食母,I prize feeding from the mother. I prize feeding from the mother.,aligned to our base text,食母生之本也人者皆棄生民之本貴未飾之華故曰我獨欲異於人,
21,河上公,Heshang Gong (Han),1,孔德之容,The greatest integrity simply follows the Tao.,aligned to our base text,孔大也有大德之人無所不容能受垢濁處謙卑也,
21,河上公,Heshang Gong (Han),2,窈兮冥兮其中有精,"Its essence utterly real, and within it there is trust.",aligned to our base text,道唯窈冥无形其中有精實神明相薄隂陽交㑹也窈烏了反,
21,河上公,Heshang Gong (Han),3,其中有信,"Its essence utterly real, and within it there is trust.",aligned to our base text,道匿功藏名其信在中也,
21,河上公,Heshang Gong (Han),4,自古及今其名不去,"From ancient times until today, the Tao's name has never been erased.",aligned to our base text,自從也自古至今道常在不去,
21,河上公,Heshang Gong (Han),5,以閱衆甫,"In this name, I observe the origin of the many.",aligned to our base text,閱禀也甫始也言道禀與萬物始生從道受氣,
21,河上公,Heshang Gong (Han),6,以此,How do I know the origin of the many is so? By this.,aligned to our base text,此今也以今萬物皆得道精氣而生動作起居非道不然,
21,王弼,Wang Bi (d. 249 CE),1,孔徳之容惟道是從〔案是永樂大典作之〕,"The greatest integrity simply follows the Tao. Whatever the Tao is, it is only vague, only elusive.",aligned to our base text,孔空也惟以空為徳然後乃能動作從道,
21,王弼,Wang Bi (d. 249 CE),2,道之為物惟恍惟惚,"Elusive and vague, and within it there is an image. Elusive and vague, and within it there is an image.",aligned to our base text,恍惚無形不繋之歎,
21,王弼,Wang Bi (d. 249 CE),3,惚兮恍兮其中有象〔案此二句一本在下二句之下〕恍兮惚兮其中有物,"Vague and elusive, and within it there is a thing. Deep and dim, and within it there is vital essence.",aligned to our base text,以無形始物不繫成物萬物以始以成而不知其所以然故曰恍兮惚兮惚兮恍兮其中有象也,
21,王弼,Wang Bi (d. 249 CE),4,窈兮冥兮其中有精,"Its essence utterly real, and within it there is trust.",aligned to our base text,窈冥深逺之歎深逺不可得而見然而萬物由之其可得見以定其真故曰窈兮冥兮其中有精也,
21,王弼,Wang Bi (d. 249 CE),5,其精甚真其中有信,"Its essence utterly real, and within it there is trust.",aligned to our base text,信信驗也物反窈冥則真精之極得萬物之性定故曰其精甚真其中有信也,
21,王弼,Wang Bi (d. 249 CE),6,自古及今其名不去,"From ancient times until today, the Tao's name has never been erased.",aligned to our base text,至真之極不可得名無名則是其名也自古及今無不由此而成故曰自古及今其名不去也,
21,王弼,Wang Bi (d. 249 CE),7,以閱衆甫,"In this name, I observe the origin of the many.",aligned to our base text,衆甫物之始也以無名□萬物始也,
21,王弼,Wang Bi (d. 249 CE),8,吾何以知衆甫之狀哉〔案狀各本俱作然〕以此,How do I know the origin of the many is so? By this. How do I know the origin of the many is so? By this.,aligned to our base text,此上之所云也言吾何以知萬物之始於無哉以此知之也,
22,河上公,Heshang Gong (Han),1,曲則全,"Bend, and stay whole. Be wronged, and be made straight.",aligned to our base text,曲已從衆不自專則全其身也,
22,河上公,Heshang Gong (Han),2,枉則直,"Be hollowed out, and be filled. Be worn out, and be renewed.",aligned to our base text,枉屈己而申人久久自得直也枉音往,
22,河上公,Heshang Gong (Han),3,窪則盈,"Be hollowed out, and be filled. Be worn out, and be renewed.",aligned to our base text,地窪下水流之人則下德歸之也窪烏𤓰反,
22,河上公,Heshang Gong (Han),4,少則得,Therefore the sage embraces one thing and serves as the world's pattern.,aligned to our base text,自受取少則得多也天道祐謙神明託虛,
22,河上公,Heshang Gong (Han),5,多則惑,Therefore the sage embraces one thing and serves as the world's pattern.,aligned to our base text,財多者惑於所守學多者惑於所聞,
22,河上公,Heshang Gong (Han),6,是以聖人抱一為天下式,"They do not show themselves off, and so they see clearly. They do not insist they are right, and so their rightness shows.",aligned to our base text,抱守法式也聖人守一乃知萬事故能為天下法式也,
22,河上公,Heshang Gong (Han),7,不自見故明,"They do not insist they are right, and so their rightness shows.",aligned to our base text,聖人不以其目視千里之外也乃因天下之目以視故能明逹也見賢遍反,
22,河上公,Heshang Gong (Han),8,不自是故彰,"They do not claim the work, and so the work is theirs.",aligned to our base text,聖人不自以為是而非人故能彰顯於世,
22,河上公,Heshang Gong (Han),9,不自伐故有功,"They do not make themselves great, and so they endure.",aligned to our base text,伐取也聖人德化流行不自取其美故有功於天下,
22,河上公,Heshang Gong (Han),10,不自矜故長,"They do not make themselves great, and so they endure.",aligned to our base text,矜大也聖人不自貴大故能久不危,
22,河上公,Heshang Gong (Han),11,夫唯不爭故天下莫能與之爭,"Because they do not contend, no one in the world can contend with them. When the ancients said ""bend, and stay whole,"" were those empty words?",aligned to our base text,此言天下賢與不肖无能與不爭者爭也,
22,河上公,Heshang Gong (Han),12,古之所謂曲則全者豈虛言哉,"When the ancients said ""bend, and stay whole,"" were those empty words? These words hold. Return to them. Stay whole.",aligned to our base text,傳古言曲從則全身正言非虛妄也,
22,河上公,Heshang Gong (Han),13,誠全而歸之,These words hold. Return to them. Stay whole.,aligned to our base text,誠實也能行曲從者實其飢體歸之於父母無有傷害也,
22,王弼,Wang Bi (d. 249 CE),1,曲則全,"Bend, and stay whole. Be wronged, and be made straight.",aligned to our base text,不自見其明〔案明原本作名今據永樂大典校改〕則全也,
22,王弼,Wang Bi (d. 249 CE),2,枉則直,"Be hollowed out, and be filled. Be worn out, and be renewed.",aligned to our base text,不自是則其是彰也,
22,王弼,Wang Bi (d. 249 CE),3,窪則盈,"Be hollowed out, and be filled. Be worn out, and be renewed.",aligned to our base text,不自伐則其功有也,
22,王弼,Wang Bi (d. 249 CE),4,敝則新,Hold little and gain. Hold much and be confused.,aligned to our base text,不自矜則其徳長也,
22,王弼,Wang Bi (d. 249 CE),5,少則得多則惑,Therefore the sage embraces one thing and serves as the world's pattern. Therefore the sage embraces one thing and serves as the world's pattern.,aligned to our base text,自然之道亦猶樹也轉多轉逺其根轉少轉得其本多則逺其真故曰惑也少則得其本故曰得也〔案此二句永樂大典作下節注誤〕,
22,王弼,Wang Bi (d. 249 CE),6,是以聖人抱一為天下式,"They do not show themselves off, and so they see clearly. They do not insist they are right, and so their rightness shows.",aligned to our base text,一少之極也式猶則之也,
22,王弼,Wang Bi (d. 249 CE),7,不自見故明不自是故彰不自伐故有功不自矜故長夫唯不争故天下莫能與之争古之所謂曲則全者豈虚言哉誠全而歸之,"They do not insist they are right, and so their rightness shows. They do not claim the work, and so the work is theirs. They do not make themselves great, and so they endure. They do not make themselves great, and so they endure. Because they do not contend, no one in the world can contend with them. When the ancients said ""bend, and stay whole,"" were those empty words? When the ancients said ""bend, and stay whole,"" were those empty words? These words hold. Return to them. Stay whole. These words hold. Return to them. Stay whole.",aligned to our base text,,
23,河上公,Heshang Gong (Han),1,希言自然,"Brevity in speech happens of itself,",aligned to our base text,希言者是愛言也愛言者自然之道,
23,河上公,Heshang Gong (Han),2,飄風不終朝驟雨不終日,"so a squall does not last out the morning, and a downpour does not last out the day.",aligned to our base text,飄風疾風也驟雨暴雨也言疾不能長暴不能久也驟狀救反,
23,河上公,Heshang Gong (Han),3,孰為此者天地,and a downpour does not last out the day.,aligned to our base text,孰誰也誰為此飄風暴雨者乎天地所為,
23,河上公,Heshang Gong (Han),4,天地尚不能久,Who does this? Sky and earth.,aligned to our base text,不終於朝暮也,
23,河上公,Heshang Gong (Han),5,而况於人乎,Even sky and earth cannot make it last long.,aligned to our base text,天地至神合為飄風暴雨尚不能使終朝至暮何况人欲為暴卒乎,
23,河上公,Heshang Gong (Han),6,故從事於道者,How much less a person?,aligned to our base text,從為也人為事當如道安静不當如飄風驟雨,
23,河上公,Heshang Gong (Han),7,道者同於道,How much less a person? How much less a person?,aligned to our base text,道者謂好道人也同於道者所謂與道同,
23,河上公,Heshang Gong (Han),8,德者同於德,So one whose affairs follow the Tao is the same as the Tao.,aligned to our base text,徳謂好德人也同於徳者所謂與徳同也,
23,河上公,Heshang Gong (Han),9,失者同於失,One of integrity is the same as integrity.,aligned to our base text,失謂任己失人也同於失者所謂與失同也,
23,河上公,Heshang Gong (Han),10,同於道者道亦樂得之,One of integrity is the same as integrity. One of loss is the same as loss.,aligned to our base text,與道同者道亦樂得之也,
23,河上公,Heshang Gong (Han),11,同於德者德亦樂得之,"Those the same as the Tao, the Tao too gladly gets them. Those the same as integrity, integrity too gladly gets them.",aligned to our base text,與徳同者徳亦樂得之也,
23,河上公,Heshang Gong (Han),12,信不足焉,"Where trust runs short, there is no trust.",aligned to our base text,君信不足於下下則應君以不足也,
23,河上公,Heshang Gong (Han),13,有不信焉,"Where trust runs short, there is no trust.",aligned to our base text,此言物□相歸同聲相應雲從龍風從虎水流濕火就燥自然之□也,
23,王弼,Wang Bi (d. 249 CE),1,希言自然,"Brevity in speech happens of itself,",aligned to our base text,聽之不聞名曰希下章言道之出言淡兮其無味也視之不足見聽之不足聞然則無味不足聽之言乃是自然之至言也,
23,王弼,Wang Bi (d. 249 CE),2,故飄風不終朝〔案河上公注本及各本俱無故字〕驟雨不終日孰為此者天地天地尚不能久而况於人乎,"so a squall does not last out the morning, and a downpour does not last out the day. and a downpour does not last out the day. Who does this? Sky and earth. Even sky and earth cannot make it last long.",aligned to our base text,言暴疾美興不長也,
23,王弼,Wang Bi (d. 249 CE),3,徳者同於徳,So one whose affairs follow the Tao is the same as the Tao.,aligned to our base text,得少也少則得故曰得也行得則與得同體故曰同於得也,
23,王弼,Wang Bi (d. 249 CE),4,失者同於失,One of integrity is the same as integrity.,aligned to our base text,失累多也累多則失故曰失也行失則與失同體故曰同於失也,
23,王弼,Wang Bi (d. 249 CE),5,同於道者道亦樂得之〔案永樂大典無樂字下二句同〕同於徳者徳亦樂得之同於失者失亦樂得之,"One of integrity is the same as integrity. One of loss is the same as loss. Those the same as the Tao, the Tao too gladly gets them. Those the same as integrity, integrity too gladly gets them. Those the same as integrity, integrity too gladly gets them. Those the same as loss, loss too gladly gets them.",aligned to our base text,言隨行其所故同而應之,
23,王弼,Wang Bi (d. 249 CE),6,信不足焉有不信焉,"Where trust runs short, there is no trust. Where trust runs short, there is no trust.",aligned to our base text,忠信不足於下焉有不信焉〔案焉永樂大典作也〕,
24,河上公,Heshang Gong (Han),1,跨者不行,Those who take long strides get nowhere.,aligned to our base text,自以為貴而跨於人衆共蔽之使不得行跨苦化反,
24,河上公,Heshang Gong (Han),2,自見者不明,Those who show themselves off do not see clearly.,aligned to our base text,人自見其形容以為好自見所行以為應道殊不自知其形醜操行之鄙,
24,河上公,Heshang Gong (Han),3,自是者不彰,Those who insist they are right convince no one.,aligned to our base text,自以為是而非人衆共蔽之使不得彰明,
24,河上公,Heshang Gong (Han),4,自伐者無功,Those who claim the work have none.,aligned to our base text,所謂輙自伐取其功美即失有功於人也,
24,河上公,Heshang Gong (Han),5,自矜者不長,Those who make themselves great do not endure.,aligned to our base text,好自矜大者不可以長久,
24,河上公,Heshang Gong (Han),6,物或惡之,Those who are with the Tao do not dwell among them.,aligned to our base text,此人在位動欲傷害故物無有不畏惡也惡烏路反,
24,王弼,Wang Bi (d. 249 CE),1,企者不立〔案企河上公注本及各本俱作跂〕,Those who stand on tiptoe do not stand.,aligned to our base text,物尚進則失安故曰企者不立,
24,王弼,Wang Bi (d. 249 CE),2,物或惡之故有道者不處〔案處下河上公注本及各本俱有也字〕,Those who are with the Tao do not dwell among them. Those who are with the Tao do not dwell among them.,aligned to our base text,,
25,河上公,Heshang Gong (Han),1,有物混成先天地生,"Something formed in the undifferentiated, born before sky and earth. Silent. Empty. Solitary. Unchanging.",aligned to our base text,謂道無形混沌而成萬物乃在天地之前混胡本反先悉薦反,
25,河上公,Heshang Gong (Han),2,寂兮寥兮獨立而不改,"It moves in a circle, never in danger, It moves in a circle, never in danger,",aligned to our base text,寂者無音聲寥者空無形獨立者無匹雙不改者化有常,
25,河上公,Heshang Gong (Han),3,周行而不殆,and can be taken as the mother of the world.,aligned to our base text,道通行天地无所不入在陽不焦託隂不腐无不貫穿不危殆殆田頼反,
25,河上公,Heshang Gong (Han),4,可以為天下母,"Its true name, I will never know. Forcing a label upon it, I call it the Tao.",aligned to our base text,道育養萬物精氣如母之養子,
25,河上公,Heshang Gong (Han),5,強為之名曰大,"The vast means expanding, expanding means going far, going far means returning.",aligned to our base text,不知其名強曰大者髙而无上羅而无外无不包容故曰大也強其文反,
25,河上公,Heshang Gong (Han),6,大曰逝,"The vast means expanding, expanding means going far, going far means returning.",aligned to our base text,其為大非若天常在上非若地常在下乃復逝去无常處所也,
25,河上公,Heshang Gong (Han),7,逝曰逺,"Therefore, the Tao is vast, the sky is vast, the earth is vast, and humans are also vast.",aligned to our base text,言逺者窮乎無窮布氣天地無所不通也,
25,河上公,Heshang Gong (Han),8,逺曰反,"Within all bounds there are four vast things, and one of them is human.",aligned to our base text,言其逺不越絶乃復在人身也,
25,河上公,Heshang Gong (Han),9,故道大天大地大王亦大,"Within all bounds there are four vast things, and one of them is human.",aligned to our base text,道大者包羅諸天地無所不容也天大者無所不蓋也地大者無所不載也王大者無所不制也,
25,河上公,Heshang Gong (Han),10,域中有四大,"Humans model themselves on the earth,",aligned to our base text,四大道天地王也凡有稱有名則非其極也言道則冇所由有所由然後謂之為道然則是道稱中之大也不若無稱之大也無稱不可得而名曰域也天地王皆在乎无稱之内也故曰域中有四大者也,
25,河上公,Heshang Gong (Han),11,而王居其一焉,"Earth models itself on the sky,",aligned to our base text,八極之内有四大王居其一也居一作處,
25,河上公,Heshang Gong (Han),12,人法地,"Earth models itself on the sky,",aligned to our base text,人當法地安靜柔和也種之得五榖掘之得甘泉勞而不怨也有功而不制也,
25,河上公,Heshang Gong (Han),13,地法天,"The sky models itself on the Tao,",aligned to our base text,天湛泊不動施而不求報生長萬物無所收取,
25,河上公,Heshang Gong (Han),14,天法道,The Tao models itself on being what it is.,aligned to our base text,道清淨不言隂行精氣萬物自成也,
25,河上公,Heshang Gong (Han),15,道法自然,The Tao models itself on being what it is.,aligned to our base text,道性自然無所法也,
25,王弼,Wang Bi (d. 249 CE),1,有物混成先天地生,"Something formed in the undifferentiated, born before sky and earth. Silent. Empty. Solitary. Unchanging.",aligned to our base text,混然不可得而知而萬物由之以成故曰混成也不知其誰之子故先天地生,
25,王弼,Wang Bi (d. 249 CE),2,周行而不殆可以為天下母,"and can be taken as the mother of the world. Its true name, I will never know. Forcing a label upon it, I call it the Tao.",aligned to our base text,周行無所不至而免殆〔案免永樂大典作危〕能生全大形也故可以為天下母也,
25,王弼,Wang Bi (d. 249 CE),3,吾不知其名,"Its true name, I will never know. Forcing a label upon it, I call it the Tao.",aligned to our base text,名以定形混成無形不可得而定故曰不知其名也,
25,王弼,Wang Bi (d. 249 CE),4,字之曰道,"Forcing a description for it, I call it the vast.",aligned to our base text,夫名以定形字以稱可言道取於無物而不由也是混成之中可言之稱最大也,
25,王弼,Wang Bi (d. 249 CE),5,强為之名曰大,"The vast means expanding, expanding means going far, going far means returning.",aligned to our base text,吾所以字之曰道者取其可言之稱最大也責其字定之所由則繫於大大有繫則必有分有分則失其極矣故曰强為之名曰大,
25,王弼,Wang Bi (d. 249 CE),6,大曰逝,"The vast means expanding, expanding means going far, going far means returning.",aligned to our base text,逝行也不守一大體而已周行無所不至故曰逝也,
25,王弼,Wang Bi (d. 249 CE),7,逝曰逺逺曰反,"Therefore, the Tao is vast, the sky is vast, the earth is vast, and humans are also vast. Within all bounds there are four vast things, and one of them is human.",aligned to our base text,逺極也周無所不窮極不偏於一逝故曰逺也不隨於所適其體獨立故曰反也,
25,王弼,Wang Bi (d. 249 CE),8,故道大天大地大王亦大,"Within all bounds there are four vast things, and one of them is human.",aligned to our base text,天地之性人為貴而王是人之主也雖不職大亦復為大與三匹故曰王亦大也,
25,王弼,Wang Bi (d. 249 CE),9,域中有四大,"Humans model themselves on the earth,",aligned to our base text,四大道天地王也凡物有稱有名則非其極也言道則有所由有所由然後謂之為道然則是道稱中之大也不若無稱之大也無稱不可得而名曰域也道天地王皆在乎無稱之内故曰域中有四大者也,
25,王弼,Wang Bi (d. 249 CE),10,而王居其一焉,"Earth models itself on the sky,",aligned to our base text,處人主之大也,
25,王弼,Wang Bi (d. 249 CE),11,人法地地法天天法道道法自然,"Earth models itself on the sky, The sky models itself on the Tao, The Tao models itself on being what it is. The Tao models itself on being what it is.",aligned to our base text,法謂法則也人不違地乃得全安法地也地不違天乃得全載法天也天不違道乃得全覆法道也道不違自然乃得其性法自然者在方而法方在圓而法圓於自然無所違也自然者無稱之言窮極之辭也用智不及無知而形魄不及精象精象不及無形有儀不及無儀故轉相法也道順自然天故資焉天法於道地故則焉地法於天人故象焉所以為主其一之者主也,
26,河上公,Heshang Gong (Han),1,靜為躁君,Silence is the ruler of the agitated.,aligned to our base text,人君不靜則失威治身不靜則身危龍靜故能變化虎躁故夭虧也躁早報反,
26,河上公,Heshang Gong (Han),2,雖有榮觀燕處超然,"Even when the sights are glorious, their equanimity is undisturbed. Even when the sights are glorious, their equanimity is undisturbed.",aligned to our base text,榮觀謂宫闇燕處后妃所居也超然逺避而不處也觀古亂反,
26,河上公,Heshang Gong (Han),3,柰何萬乗之主,How could a great ruler become ungrounded in their being?,aligned to our base text,柰何者疾時主傷痛之辭萬乗之主謂王乗繩證反,
26,河上公,Heshang Gong (Han),4,而以身輕天下,To become ungrounded is to lose connection with one’s roots.,aligned to our base text,王者至尊而以其身行輕躁乎疾時王奢恣輕淫也,
26,河上公,Heshang Gong (Han),5,躁則失君,To become agitated is to lose one’s mastery.,aligned to our base text,王者行躁疾則失其君位治身躁疾則失其精神也,
26,王弼,Wang Bi (d. 249 CE),1,重為輕根静為躁君,The heavy is the root of the ungrounded. Silence is the ruler of the agitated.,aligned to our base text,凡物輕不能載重小不能鎮大不行者使行不動者制動是以重必為輕根静必為躁君也,
26,王弼,Wang Bi (d. 249 CE),2,雖有榮觀燕處超然,"Even when the sights are glorious, their equanimity is undisturbed. Even when the sights are glorious, their equanimity is undisturbed.",aligned to our base text,不以經心也〔案永樂大典脫此句〕,
26,韓非,Han Fei (d. 233 BCE),1,重爲輕根，静爲躁君。,The heavy is the root of the ungrounded. Silence is the ruler of the agitated.,aligned to our base text,,
26,韓非,Han Fei (d. 233 BCE),2,君子終日行，不離輜重,"Therefore, the sage travels all day without becoming disconnected from sustenance.",aligned to our base text,〔喻老〕 制在己曰重，不離位曰静。重則能使輕，静則能使躁。故曰：「重爲輕根，静爲躁君。」故曰「君子終日行，不離輜重」也。邦者，人君之輜重也。主父生傳其邦，此離其輜重者也，故雖有代、雲中之樂，超然已無趙矣。主父，萬乘之主，而以身輕於天下。無勢之謂輕，離位之謂躁，是以生幽而死。故曰：「輕則失臣，躁則失君。」主父之謂也。,
27,河上公,Heshang Gong (Han),1,善結無繩約而不可解,"Masterful security uses no locks, yet cannot be breached.",aligned to our base text,善以道結事者乃可結其心不如繩索可得解也,
27,河上公,Heshang Gong (Han),2,是以聖人常善救人,"Masterful security uses no locks, yet cannot be breached.",aligned to our base text,聖人所以常教人忠孝者欲以救人在命,
27,河上公,Heshang Gong (Han),3,故無棄人,"Masterful tying uses no ropes, yet cannot be untied.",aligned to our base text,使貴賤各得其所也,
27,河上公,Heshang Gong (Han),4,常善救物,"Therefore the sage is always masterful at rescuing people, and so no one is abandoned.",aligned to our base text,聖人所以教民順四時以救萬物之殘傷,
27,河上公,Heshang Gong (Han),5,故無棄物,"Therefore the sage is always masterful at rescuing people, and so no one is abandoned.",aligned to our base text,聖人不賤石而貴玉視之如一,
27,河上公,Heshang Gong (Han),6,是謂襲明,"Always masterful at rescuing things, and so nothing is abandoned.",aligned to our base text,聖人善救人物謂襲明大道也,
27,河上公,Heshang Gong (Han),7,故善人者不善人之師,This is called clarity worn covered. This is called clarity worn covered.,aligned to our base text,人之行善者聖人即以為人師,
27,河上公,Heshang Gong (Han),8,不善人者善人之資,"Therefore, the masterful one naturally teaches the novice. And the novice is the raw material of the master.",aligned to our base text,資用也人行不善聖人猶教導使爲善得以給用也,
27,河上公,Heshang Gong (Han),9,不貴其師,And the novice is the raw material of the master.,aligned to our base text,獨無輔也,
27,河上公,Heshang Gong (Han),10,不愛其資,Not valuing the master and not loving their raw material is a sign of great confusion.,aligned to our base text,無所使也,
27,河上公,Heshang Gong (Han),11,雖智大迷,Even those who appear intelligent are lost. This is the essential secret.,aligned to our base text,雖自以為智言此人乃大迷惑,
27,河上公,Heshang Gong (Han),12,是謂要妙,Even those who appear intelligent are lost. This is the essential secret.,aligned to our base text,能通此意是謂知微妙要道也,
27,王弼,Wang Bi (d. 249 CE),1,善閉無關楗〔案楗原本作鍵今據釋文校改注同〕而不可開善結無繩約而不可解,"Masterful calculating uses no abacus. Masterful security uses no locks, yet cannot be breached.",aligned to our base text,因物自然〔案此句原本作自物因然今據永樂大典校改〕不設不施故不用關楗繩約而不可開解也此五者皆言不造不施因物之性不以形制物也,
27,王弼,Wang Bi (d. 249 CE),2,是以聖人常善救人故無棄人,"Masterful security uses no locks, yet cannot be breached. Masterful tying uses no ropes, yet cannot be untied.",aligned to our base text,聖人不立形名以檢於物不造進向以殊棄不肖輔萬物之自然而不為始故曰無棄人也不尚賢能則民不争不貴難得之貨則民不為盗不見可欲則民心不亂常使民心無欲無惑則無棄人矣,
27,王弼,Wang Bi (d. 249 CE),3,常善救物故無棄物是謂襲明故善人者〔案永樂大典無者字〕不善人之師,"Therefore the sage is always masterful at rescuing people, and so no one is abandoned. Therefore the sage is always masterful at rescuing people, and so no one is abandoned. Always masterful at rescuing things, and so nothing is abandoned. This is called clarity worn covered. This is called clarity worn covered.",aligned to our base text,舉善以師不善故謂之師矣,
27,王弼,Wang Bi (d. 249 CE),4,不善人者〔案永樂大典無者字〕善人之資,"Therefore, the masterful one naturally teaches the novice. And the novice is the raw material of the master.",aligned to our base text,資取也善人以善齊不善以善棄不善也故不善人善人之所取也,
27,王弼,Wang Bi (d. 249 CE),5,不貴其師不愛其資雖智大迷,And the novice is the raw material of the master. Not valuing the master and not loving their raw material is a sign of great confusion. Even those who appear intelligent are lost. This is the essential secret.,aligned to our base text,雖有其智自任其智不因物於其道必失故曰雖智大迷,
27,王弼,Wang Bi (d. 249 CE),6,是謂要妙,Even those who appear intelligent are lost. This is the essential secret.,aligned to our base text,,
28,河上公,Heshang Gong (Han),1,知其雄守其雌為天下谿,"Know the rooster, hold to the hen, serve as the world's ravine.",aligned to our base text,雄以喻尊雌以喻卑人雖知自尊顯當復守之以卑㣲去之强梁就雌之柔和如是則天下歸之如水流入深谿也谿苦奚反,
28,河上公,Heshang Gong (Han),2,為天下谿常德不離,"Serve as the world's ravine, and the ever-present integrity never leaves you.",aligned to our base text,人能謙下如深谿則德常在不復離於巳離力智反,
28,河上公,Heshang Gong (Han),3,爲天下式常德不忒,"Serve as the world's pattern, and the ever-present integrity never varies.",aligned to our base text,人能爲天下法則德常在於巳不復差忒忒吐得反,
28,河上公,Heshang Gong (Han),4,復歸於無極,Return again to the endless.,aligned to our base text,徳不差忒則長生久壽歸身於無窮極也,
28,河上公,Heshang Gong (Han),5,知其榮守其辱為天下谷,"Know the glory, hold to the disgrace, serve as the world's valley.",aligned to our base text,榮以喻尊貴辱以喻汚濁知巳之有榮貴當守之以汚濁如是則天下歸之如水流入深谷也,
28,河上公,Heshang Gong (Han),6,爲天下谷常徳乃足,"Serve as the world's valley, and the ever-present integrity is enough at last.",aligned to our base text,足止也人能為天下谷徳乃止於巳,
28,河上公,Heshang Gong (Han),7,聖人用之則為官長,The sage puts them to use and becomes chief of the officers.,aligned to our base text,聖人升用則為百官之元長也長丁丈反,
28,河上公,Heshang Gong (Han),8,故大制不割,So the great cutting severs nothing.,aligned to our base text,聖人用之則以大道制御天下无所傷割治身則以天道制情欲不害精神也,
28,王弼,Wang Bi (d. 249 CE),1,知其雄守其雌為天下谿為天下谿常徳不離復歸於嬰兒〔案永樂大典此節在復歸於無極之後據注仍宜在前〕,"Know the rooster, hold to the hen, serve as the world's ravine. Serve as the world's ravine, and the ever-present integrity never leaves you. Return again to the infant.",aligned to our base text,雄先之屬雌後之屬也知為天下之先也必後也是以聖人後其身而身先也谿不求物而物自歸之嬰兒不用智而合自然之智,
28,王弼,Wang Bi (d. 249 CE),2,知其白守其黑為天下式,"Know the white, hold to the black, serve as the world's pattern.",aligned to our base text,式模則也,
28,王弼,Wang Bi (d. 249 CE),3,為天下式常徳不忒,"Serve as the world's pattern, and the ever-present integrity never varies.",aligned to our base text,忒差也,
28,王弼,Wang Bi (d. 249 CE),4,復歸於無極,Return again to the endless.,aligned to our base text,不可窮也,
28,王弼,Wang Bi (d. 249 CE),5,知其榮守其辱為天下谷為天下谷常徳乃足復歸於樸,"Know the glory, hold to the disgrace, serve as the world's valley. Serve as the world's valley, and the ever-present integrity is enough at last. Return again to the uncarved wood.",aligned to our base text,此三者言常反終後乃徳全其所處也下章云反者道之動也功不可取常處其母也,
28,王弼,Wang Bi (d. 249 CE),6,樸散則為器聖人用之則為官長,"The uncarved wood scatters, and becomes vessels. The sage puts them to use and becomes chief of the officers.",aligned to our base text,樸真也真散則百行出殊𩔖生若器也聖人因其分散故為之立官長以善為師不善為資移風易俗復使歸於一也,
28,王弼,Wang Bi (d. 249 CE),7,故大制不割,So the great cutting severs nothing.,aligned to our base text,大制者以天下之心為心故無割也,
29,河上公,Heshang Gong (Han),1,將欲取天下,Those who wish to force their will upon the world — I see that this cannot be done.,aligned to our base text,欲為天下主也,
29,河上公,Heshang Gong (Han),2,而為之,Those who wish to force their will upon the world — I see that this cannot be done.,aligned to our base text,欲以有為治民,
29,河上公,Heshang Gong (Han),3,吾見其不得巳,The world is a sacred vessel. It cannot be forced. It cannot be grasped.,aligned to our base text,我見其不得天道人心巳明矣天道惡煩濁人心惡多欲,
29,河上公,Heshang Gong (Han),4,天下神器不可為也,Those who force it ruin it. Those who grasp it lose it. Those who force it ruin it. Those who grasp it lose it.,aligned to our base text,器物也人乃天下之神物也神物好安靜不可以有為治,
29,河上公,Heshang Gong (Han),5,為者敗之,"Therefore, sometimes leading, sometimes following,",aligned to our base text,以有為治之則敗其質性,
29,河上公,Heshang Gong (Han),6,執者失之,"Therefore, sometimes leading, sometimes following,",aligned to our base text,強執教之人則失其倩實生於詐偽也,
29,河上公,Heshang Gong (Han),7,故物或行或隨,"Sometimes breathing heavily, sometimes breathing easily,",aligned to our base text,上所行下必隨之也,
29,河上公,Heshang Gong (Han),8,或強或羸,"Sometimes strong, sometimes weak,",aligned to our base text,有所強大必有所羸弱也羸力為反,
29,王弼,Wang Bi (d. 249 CE),1,將欲取天下而為之吾見其不得已天下神器〔案永樂大典器下有也字〕,Those who wish to force their will upon the world — I see that this cannot be done. The world is a sacred vessel. It cannot be forced. It cannot be grasped. Those who force it ruin it. Those who grasp it lose it.,aligned to our base text,神無形無方也器合成也無形以合故謂之神器也,
29,王弼,Wang Bi (d. 249 CE),2,故物或行或隨或歔或吹〔案歔河上公注本作呴〕或强或羸或挫或隳〔案挫河上公注本作載〕是以聖人去甚去奢去泰,"Sometimes breathing heavily, sometimes breathing easily, Sometimes strong, sometimes weak, Sometimes strong, sometimes weak, Sometimes safe, sometimes imperiled. Therefore the sage removes the extreme, the extravagant, the excessive. Therefore the sage removes the extreme, the extravagant, the excessive.",aligned to our base text,凡此諸或言物事逆順反覆不施為執割也聖人達自然之至暢萬物之情故因而不為順而不施除其所以迷去其所以惑故心不亂而物性自得之也三十章〔案河上公注本此為儉武章〕,
30,河上公,Heshang Gong (Han),1,以道佐人主者,One who rules in alignment with the Tao does not use military force to dominate the world.,aligned to our base text,謂人主能以道自輔佐也,
30,河上公,Heshang Gong (Han),2,不以兵强天下,Such undertakings tend to come back on you.,aligned to our base text,以道自佐之主不以兵革順天任德敵人自服,
30,河上公,Heshang Gong (Han),3,其事好還,Such undertakings tend to come back on you.,aligned to our base text,其舉事好還自責不怨於人也好呼報反還音旋,
30,河上公,Heshang Gong (Han),4,大軍之後必有凶年,"Where armies camp, thorns and brambles grow.",aligned to our base text,天應之以惡氣即害五榖五榖盡傷人也,
30,河上公,Heshang Gong (Han),5,不敢以取强,The masterful one halts after succeeding and never pushes on to seize dominance.,aligned to our base text,不以果敢取强大之名也,
30,河上公,Heshang Gong (Han),6,果而勿矜,The masterful one halts after succeeding and never pushes on to seize dominance.,aligned to our base text,當果敢謙卑勿自矜大也,
30,河上公,Heshang Gong (Han),7,果而勿伐,"They succeed without boasting, succeed without bragging, succeed without arrogance.",aligned to our base text,當果敢推讓乃自伐取其美也,
30,河上公,Heshang Gong (Han),8,果而勿驕,"They succeed without boasting, succeed without bragging, succeed without arrogance.",aligned to our base text,驕欺也果敢勿以驕欺人,
30,河上公,Heshang Gong (Han),9,果而不得巳,They succeed because their actions are unavoidable. They succeed without using excessive force.,aligned to our base text,當果敢至誠不當迫不得巳也,
30,河上公,Heshang Gong (Han),10,果而勿强,"When things reach their prime, they decay.",aligned to our base text,果敢勿以為强兵堅甲以侵凌人也,
30,河上公,Heshang Gong (Han),11,物壯則老,"When things reach their prime, they decay.",aligned to our base text,草木壯極則枯落人壯極則衰老也言强者不可以壯,
30,河上公,Heshang Gong (Han),12,是謂不道,This is called not-Tao. Not-Tao comes to an early end.,aligned to our base text,枯老者坐不行道也,
30,河上公,Heshang Gong (Han),13,不道早巳,This is called not-Tao. Not-Tao comes to an early end.,aligned to our base text,不行道者早死,
31,河上公,Heshang Gong (Han),1,物或惡之,Living things recoil from them.,aligned to our base text,兵動則有所害故萬物無有不惡之惡烏路反,
31,河上公,Heshang Gong (Han),2,故有道者不處,Those who are with the Tao do not dwell among them.,aligned to our base text,有道之人不處其國,
31,河上公,Heshang Gong (Han),3,君子居則貴左,"In times of peace, the sage chooses creation. When the military must be used, they choose destruction.",aligned to our base text,貴柔弱也,
31,河上公,Heshang Gong (Han),4,用兵則貴右,"In times of peace, the sage chooses creation. When the military must be used, they choose destruction.",aligned to our base text,貴剛強也此言兵道與君子道反所貴者異也,
31,河上公,Heshang Gong (Han),5,兵者不祥之器,Understand that even the most finely-crafted weapons truly are instruments of ill omen.,aligned to our base text,兵革者不善之器也,
31,河上公,Heshang Gong (Han),6,非君子之器,"When the circumstances are unavoidable, calm detachment is essential.",aligned to our base text,非君子所貴重器也,
31,河上公,Heshang Gong (Han),7,不得巳而用之,"Achieve victory, but don’t revel in it.",aligned to our base text,謂遭衰逆亂禍欲加萬民乃用之以自守,
31,河上公,Heshang Gong (Han),8,勝而不美,To glorify battle is to rejoice in killing people.,aligned to our base text,雖得勝而不以為利己也,
31,河上公,Heshang Gong (Han),9,而美之者是樂殺人,Understand that whomever rejoices in killing people cannot achieve their purpose in the world.,aligned to our base text,美得勝者是為喜樂殺人者也,
31,河上公,Heshang Gong (Han),10,吉事尚左,"The lieutenant general stands on the left, the supreme commander on the right,",aligned to our base text,左生位也,
31,河上公,Heshang Gong (Han),11,凶事尚右,"The lieutenant general stands on the left, the supreme commander on the right,",aligned to our base text,隂道殺人,
31,河上公,Heshang Gong (Han),12,偏將軍居左,which is to say they are placed by the rites of mourning.,aligned to our base text,偏將軍卑而居陽者以其不專殺也,
31,河上公,Heshang Gong (Han),13,上將軍居右,which is to say they are placed by the rites of mourning.,aligned to our base text,上將軍尊而居右者言其主殺也,
31,河上公,Heshang Gong (Han),14,言以䘮禮處之,"When many have been killed, weep for them with sorrow and grief.",aligned to our base text,上將軍於右䘮禮尚右死人貴隂也,
31,河上公,Heshang Gong (Han),15,殺人之衆以悲哀泣之,A victory in battle should be treated like a funeral rite.,aligned to our base text,傷已德薄不能以道化人而害无辜之民,
31,河上公,Heshang Gong (Han),16,戰勝以䘮禮處之,A victory in battle should be treated like a funeral rite.,aligned to our base text,古者戰勝將軍居䘮主禮之位素服而哭之明君子貴德而賤兵不得巳誅不祥心不樂之比於䘮也知後丗用兵不巳故悲痛之,
32,河上公,Heshang Gong (Han),1,道常無名,"The Tao is ever nameless, uncarved.",aligned to our base text,道能隂能陽能施能張能存能亡故無常名也,
32,河上公,Heshang Gong (Han),2,侯王若能守之萬物將自賔,"If rulers hold it, the countless things align with it of themselves.",aligned to our base text,侯王若能守道无為萬物將自賔服從於德也,
32,河上公,Heshang Gong (Han),3,天地相合以降甘露,Sky and earth join together to send down sweet dew.,aligned to our base text,侯王動作能與天相應合天即下甘露善瑞也,
32,河上公,Heshang Gong (Han),4,民莫之令而自均,"Without any external command, the people naturally harmonize.",aligned to our base text,天降善瑞則萬物莫有教令之者皆自均調若一也,
32,河上公,Heshang Gong (Han),5,始制有名,"Once there is cutting, there are names.",aligned to our base text,始道也有名萬物也道無名能制於有名無形能制於有形也,
32,王弼,Wang Bi (d. 249 CE),1,道常無名樸雖小天下莫能臣也〔案河上公注本作天下莫敢臣前〕侯王若能守之〔案侯王釋文云梁武作王侯〕萬物將自賔,"The Tao is ever nameless, uncarved. Though small, nothing in the world can make it a subject. If rulers hold it, the countless things align with it of themselves.",aligned to our base text,道無形不繫常不可名以無名為常故曰道常無名也樸之為物以無為心也亦無名〔一本或作樸之為物無心故無名〕故將得道莫若守樸夫智者可以能臣也勇者可以武使也巧者可以事役也力者可以重任也樸之為物憒然不偏近於無有故曰莫能臣也抱樸無為不以物累其真不以欲害其神則物自賔而道自得也,
32,王弼,Wang Bi (d. 249 CE),2,始制有名名亦既有夫亦將知止知止可以不殆〔案河上公注本及各本俱作所〕,"Once there is cutting, there are names. Since names already exist, one must know when to stop. Knowing when to stop, you come to no danger.",aligned to our base text,始制謂樸散始為官長之時也始制官長不可不立名分以定尊卑故始制有名也過此以徃將争錐刀之末故曰名亦既有夫亦將知止也遂任名以號物則失治之母也故知止所以不殆也,
32,王弼,Wang Bi (d. 249 CE),3,譬道之在天下猶川谷之於江海,"In this world, with its high streams and valleys, the Tao is like the river and the deep sea. In this world, with its high streams and valleys, the Tao is like the river and the deep sea.",aligned to our base text,川谷之求江與海非江海召之不召不求而自歸者世行道於天下者不令而自均不求而自得故曰猶川谷之與江海也,
33,河上公,Heshang Gong (Han),1,知人者智,One who knows others is intelligent.,aligned to our base text,能知人好惡是為智,
33,河上公,Heshang Gong (Han),2,自知者明,One who knows themselves sees clearly.,aligned to our base text,人能自知賢不肖是為反聽無聲内視無形故為明,
33,河上公,Heshang Gong (Han),3,勝人者有力,One who overcomes others has force.,aligned to our base text,能勝人者不過以威力也,
33,河上公,Heshang Gong (Han),4,自勝者強,One who overcomes themselves is strong.,aligned to our base text,人能自勝巳情欲則天下無有能與己尹者故為強,
33,河上公,Heshang Gong (Han),5,知足者富,One who knows they have enough is wealthy.,aligned to our base text,人能知足之為足則長保福禄故為富也,
33,河上公,Heshang Gong (Han),6,強行者有志,One who forces themselves onward has will.,aligned to our base text,人能強力行善則為有意於道道亦有意於人,
33,河上公,Heshang Gong (Han),7,不失其所者久,"One who does not lose their rootedness, endures.",aligned to our base text,人能自節養不失其所受天之精氣則可以久,
33,河上公,Heshang Gong (Han),8,死而不亡者壽,One who dies but does not perish has long life.,aligned to our base text,目不妄視耳不妄聽口不妄言則无怨惡於天下故長壽,
33,王弼,Wang Bi (d. 249 CE),1,知人者智自知者明,One who knows others is intelligent. One who knows themselves sees clearly.,aligned to our base text,知人者智而已矣未若自知者〔案永樂大典無未若二字〕超智之上也,
33,王弼,Wang Bi (d. 249 CE),2,勝人者有力自勝者强,One who overcomes others has force. One who overcomes themselves is strong.,aligned to our base text,勝人者有力而已矣未若自勝者無物以損其力用其智於人未若用其智於己也用其力於人未若用其力於己也明用於己則物無避焉力用於己則物無改焉〔案永樂大典無力用於己則物無改焉九字〕,
33,王弼,Wang Bi (d. 249 CE),3,知足者富,One who knows they have enough is wealthy.,aligned to our base text,知足自不失故富也,
33,王弼,Wang Bi (d. 249 CE),4,强行者有志,One who forces themselves onward has will.,aligned to our base text,勤能行之其志必獲故曰强行者有志矣,
33,王弼,Wang Bi (d. 249 CE),5,不失其所者久,"One who does not lose their rootedness, endures.",aligned to our base text,以明自察量力而行不失其所必獲久長矣,
34,河上公,Heshang Gong (Han),1,其可左右,The great Tao overflows to the left and to the right.,aligned to our base text,道可左右无所不宜,
34,河上公,Heshang Gong (Han),2,而不辭,"The countless things rely on it to live, yet it refuses none.",aligned to our base text,道不辭謝而逆止也,
34,河上公,Heshang Gong (Han),3,常無欲可名於小,"Ever desireless, it can be called small.",aligned to our base text,道匿德藏名恒然無為似若微小也,
34,河上公,Heshang Gong (Han),4,萬物歸焉而不為主,"The countless things return to it. Without acting as their master, it can be called great.",aligned to our base text,萬物皆歸道受氣道非如人主有所禁止也,
34,河上公,Heshang Gong (Han),5,可名為大,"The countless things return to it. Without acting as their master, it can be called great.",aligned to our base text,萬物横來横去使各自在故不若於大也,
34,河上公,Heshang Gong (Han),6,故能成其大,and so completes its greatness.,aligned to our base text,聖人以身師導不言而化萬事修治故能成其大,
34,王弼,Wang Bi (d. 249 CE),1,大道氾兮其可左右,The great Tao overflows to the left and to the right.,aligned to our base text,言道氾濫無所不適可左右上下周旋而用則無所不至也,
34,王弼,Wang Bi (d. 249 CE),2,萬物歸焉而不為主〔案為永樂大典作知〕可名為大〔案永樂大典為作於大下有矣字又有是以聖人能成其大也九字〕,"The countless things return to it. Without acting as their master, it can be called great.",aligned to our base text,萬物皆歸之以生而力使不知其所由此不為小故復可名於大矣,
34,王弼,Wang Bi (d. 249 CE),3,以其終不自為大〔案河上公注本作是以聖人終不為大永樂大典作以其不自大〕故能成其大,"It never makes itself great, and so completes its greatness.",aligned to our base text,為大於其細圖難於其易,
35,河上公,Heshang Gong (Han),1,執大象天下往,"Embody the great form, and the world routes to you.",aligned to our base text,執守也象道也聖人守大道則天下萬民移心歸往之也治身則天降神明往來於巳也,
35,河上公,Heshang Gong (Han),2,往而不害安平太,"This route is free of harm. It offers safety, peace, and stability.",aligned to our base text,萬物歸往而不傷害則國安家寧而致太平矣治身不害神明則身安而大壽也,
35,河上公,Heshang Gong (Han),3,樂與餌過客止,The allure of music and fine food causes passing guests to stop.,aligned to our base text,餌美也過客一也人能樂美於道則一留止也一者去盈而處虚忽忽如過客樂音岳餌而志反,
35,河上公,Heshang Gong (Han),4,道之出口淡乎其無味,Attempt to speak the Tao. It is bland and flavorless.,aligned to our base text,道出入於口淡淡非如五味有酸鹹苦甘辛也出尺𩔖反淡徒暫反,
35,河上公,Heshang Gong (Han),5,視之不足見,Look for it. It can’t be seen.,aligned to our base text,足德也道無形非若五色有青黄赤白黒可得見也,
35,河上公,Heshang Gong (Han),6,聽之不足聞,Listen for it. It can’t be heard.,aligned to our base text,道非若五音有宫商角徵羽可得聽聞也,
35,王弼,Wang Bi (d. 249 CE),1,執大象天下徃,"Embody the great form, and the world routes to you.",aligned to our base text,大象天象之母也不寒不温不凉故能包統萬物無所犯傷主若執之則天下徃也,
35,王弼,Wang Bi (d. 249 CE),2,徃而不害安平太〔案平太河上公注本作太平永樂大典作平泰〕,"This route is free of harm. It offers safety, peace, and stability.",aligned to our base text,無形無識不偏不彰故萬物得徃而不害妨也,
36,河上公,Heshang Gong (Han),1,將欲廢之必固興之,Abolishing requires firm elevation.,aligned to our base text,先興之者欲使其驕危也,
36,河上公,Heshang Gong (Han),2,將欲奪之必固與之,Removing requires firm giving.,aligned to our base text,先與之者欲極其貪心也,
36,河上公,Heshang Gong (Han),3,是謂微明,This is called subtle clarity.,aligned to our base text,此四事其道微其效明也,
36,河上公,Heshang Gong (Han),4,柔弱勝剛強,The soft and yielding overcome the hard and strong.,aligned to our base text,柔弱者久長剛強者先亡也,
36,河上公,Heshang Gong (Han),5,魚不可脫於淵,Fish cannot detach from the deep abyss.,aligned to our base text,魚脫於淵爲去剛得柔不可復制也,
36,河上公,Heshang Gong (Han),6,國之利器不可以示人,The sharp instruments of the state must not be shown to others.,aligned to our base text,利器權道也治國權者不可以示執事之臣也治身道者不可以示非其人也,
36,王弼,Wang Bi (d. 249 CE),1,將欲歙之必固張之將欲弱之必固强之將欲廢之必固興之將欲奪之必固與之是謂㣲明,Contraction requires firm expansion. Weakening requires firm strengthening. Abolishing requires firm elevation. Removing requires firm giving. This is called subtle clarity.,aligned to our base text,將欲除强梁去暴亂當以此四者因物之性令其自戮不假刑為大以除將物也故曰㣲明也足其張令之足而又求其張則衆所歙也與其張之不足而改其求張者愈益而已反危,
36,王弼,Wang Bi (d. 249 CE),2,柔弱勝剛强〔案永樂大典作柔勝剛弱勝强〕魚不可脫於淵國之利器不可以示人,The soft and yielding overcome the hard and strong. Fish cannot detach from the deep abyss. The sharp instruments of the state must not be shown to others.,aligned to our base text,利器利國之器也唯因物之性不假刑以理物器不可覩而物各得其所〔案所永樂大典作性〕則國之利器也示人者任刑也刑以利國則失矣魚脫於淵則必見失矣利國器而立刑以示人亦必失也,
37,河上公,Heshang Gong (Han),1,道常無為,"The Tao is ever non-doing, yet nothing is left undone.",aligned to our base text,道以無為為常也,
37,王弼,Wang Bi (d. 249 CE),1,道常無為,"The Tao is ever non-doing, yet nothing is left undone.",aligned to our base text,順自然也,
37,王弼,Wang Bi (d. 249 CE),2,而無不為,"The Tao is ever non-doing, yet nothing is left undone.",aligned to our base text,萬物無不由為以治以成之也,
37,王弼,Wang Bi (d. 249 CE),3,侯王若能守之〔案永樂大典無之字〕萬物將自化化而欲作吾將鎮之以無名之樸,"If rulers are able to hold to this, the countless things will transform of themselves. When the countless things urge action, I will stabilize them with the nameless uncarved wood.",aligned to our base text,化而欲作作欲成也吾將鎮之無名之樸不為主也,
37,王弼,Wang Bi (d. 249 CE),4,無名之樸夫亦將無欲〔案河上公注本及各本俱無夫字無欲作不欲〕,The nameless uncarved wood is without desire.,aligned to our base text,無欲競也,
38,河上公,Heshang Gong (Han),1,上德不德,"The highest integrity does not do integrity, and so it has integrity.",aligned to our base text,上德謂太古無名號之君德大無上故言上德也不德者言其不以德教民因循自然養人性命其德不見故言不德也,
38,河上公,Heshang Gong (Han),2,是以有德,"The highest integrity does not do integrity, and so it has integrity.",aligned to our base text,言其德合於天地和氣流行民得以全也,
38,河上公,Heshang Gong (Han),3,下德不失德,"The lowest integrity does not lose integrity, and so it has none.",aligned to our base text,下德謂號謚之君德不及上德故言下德也不失德者其德可見其功可稱也,
38,河上公,Heshang Gong (Han),4,是以無德,"The lowest integrity does not lose integrity, and so it has none.",aligned to our base text,以有名號及其身故,
38,河上公,Heshang Gong (Han),5,上德無為,"The highest integrity is non-doing, and has nothing it acts for.",aligned to our base text,謂法道安靜無所改為也,
38,河上公,Heshang Gong (Han),6,而無以為,"The highest integrity is non-doing, and has nothing it acts for.",aligned to our base text,言無以名號為,
38,河上公,Heshang Gong (Han),7,下德為之,"The lowest integrity acts, and has something it acts for.",aligned to our base text,言為教令施政事也,
38,河上公,Heshang Gong (Han),8,而有以為,"The lowest integrity acts, and has something it acts for.",aligned to our base text,言以為己取名號也,
38,河上公,Heshang Gong (Han),9,上仁為之,"The highest humaneness acts, and has nothing it acts for.",aligned to our base text,上仁謂行仁之君其仁為上故言上仁也為之者為仁恩,
38,河上公,Heshang Gong (Han),10,而無以為,"The highest integrity is non-doing, and has nothing it acts for.",aligned to our base text,功成事立無以執為,
38,河上公,Heshang Gong (Han),11,上義為之,"The highest duty acts, and has something it acts for.",aligned to our base text,為義以斷割也,
38,河上公,Heshang Gong (Han),12,而有以為,"The lowest integrity acts, and has something it acts for.",aligned to our base text,動作以為己殺人以成威賦下以自奉也,
38,河上公,Heshang Gong (Han),13,上禮為之,"The highest duty acts, and has something it acts for.",aligned to our base text,謂上禮之君其禮無上故言上禮為之者言為禮制度序威儀,
38,河上公,Heshang Gong (Han),14,而莫之應,"The highest duty acts, and has something it acts for.",aligned to our base text,言禮華盛實衰飭偽煩多動則離道不可應也,
38,河上公,Heshang Gong (Han),15,故失道而後德,so it bares its arms and drags them along.,aligned to our base text,言道衰而德化生也,
38,河上公,Heshang Gong (Han),16,失德而後仁,"So when the Tao is lost, then integrity.",aligned to our base text,言德衰而仁愛見也,
38,河上公,Heshang Gong (Han),17,失仁而後義,"When integrity is lost, then humaneness.",aligned to our base text,言仁衰而分義明也,
38,河上公,Heshang Gong (Han),18,失義而後禮,"When humaneness is lost, then duty.",aligned to our base text,言義衰則施禮聘行玉帛,
38,河上公,Heshang Gong (Han),19,夫禮者忠信之薄,"When duty is lost, then ritual.",aligned to our base text,言禮廢本治末忠信日以衰薄,
38,河上公,Heshang Gong (Han),20,而亂之首,"When duty is lost, then ritual.",aligned to our base text,禮者賤質而貴文故正直日以少邪亂日以生,
38,河上公,Heshang Gong (Han),21,前識者道之華,"Ritual is the thinning of loyalty and trust, and the head of disorder.",aligned to our base text,不知而言知為前識此人失道之實得道之華,
38,河上公,Heshang Gong (Han),22,而愚之始,"Knowing in advance is the blossom of the Tao, and the beginning of foolishness.",aligned to our base text,言前識之人愚闇之倡始,
38,河上公,Heshang Gong (Han),23,是以大丈夫處其厚,"This is why the great person dwells in the thick, not the thin,",aligned to our base text,大丈夫謂得道之君也處其厚者處身於敦朴,
38,河上公,Heshang Gong (Han),24,不居其薄,"dwells in the substance, not the blossom.",aligned to our base text,不處身違道為丗煩亂也,
38,河上公,Heshang Gong (Han),25,處其實,They let go of what is out there and take what is here.,aligned to our base text,處忠信也,
38,河上公,Heshang Gong (Han),26,不居其華,They let go of what is out there and take what is here.,aligned to our base text,不尚言也,
38,河上公,Heshang Gong (Han),27,故去彼取此,They let go of what is out there and take what is here.,aligned to our base text,去彼華薄取此厚實去羌吕反,
38,王弼,Wang Bi (d. 249 CE),1,上徳不徳是以有徳下徳不失徳是以無徳上徳無為而無以為下徳為之而有以為上仁為之而無以為上義為之而有以為上禮為之而莫之應則攘臂而扔之〔案扔各本俱作仍〕故失道而後徳失徳而後仁失仁而後義失義而後禮夫禮者忠信之薄而亂之首前識者道之華而愚之始是以大丈夫處其厚不居其薄處其實不居其華〔案焦竑云古本四句並作處〕故去彼取此,"The highest integrity does not do integrity, and so it has integrity. The lowest integrity does not lose integrity, and so it has none. The highest integrity is non-doing, and has nothing it acts for. The lowest integrity acts, and has something it acts for. The highest humaneness acts, and has nothing it acts for. The highest duty acts, and has something it acts for. The highest duty acts, and has something it acts for. The highest ritual acts, and no one answers, so it bares its arms and drags them along. So when the Tao is lost, then integrity. When integrity is lost, then humaneness. When humaneness is lost, then duty. When duty is lost, then ritual. When duty is lost, then ritual. Ritual is the thinning of loyalty and trust, and the head of disorder. Knowing in advance is the blossom of the Tao, and the beginning of foolishness. This is why the great person dwells in the thick, not the thin, dwells in the substance, not the blossom. They let go of what is out there and take what is here. They let go of what is out there and take what is here.",aligned to our base text,徳者得也常得而無喪利而無害故以徳為名焉何以得徳由乎道也何以盡徳以無為用以無為用則莫不載也故物無焉則無物不經有焉則不足以免其生是以天地雖廣以無為心聖王雖大以虚為主故曰以復而視則天地之心見至日而思之則先王之至覩也故滅其私而無其身則四海莫不瞻逺近莫不至殊其已而有其心則一體不能自全肌骨不能相容是以上徳之人唯道是用不徳其徳無執無用故能有徳而無不為不求而得不為而成故雖有徳而無徳名也下徳求而得之為而成之則立善以治物故徳名有焉求而得之必有失焉為而成之必有敗焉善名生則有不善應焉故下徳為之而有以為也無以為者無所徧為也凡不能無為而為之者皆下徳也仁義禮節是也將明徳之上下輒舉下徳以對上徳至於無以為極下徳下之量上仁是也足及於無以為而猶為之焉為之而無以為故有為為之患矣本在無為母在無名棄本捨母而適其子功雖大焉必有不濟名雖美焉偽亦必生不能不為而成不興而治則乃為之故有𢎞普博施仁愛之者而愛之無所偏私故上仁為之而無以為也愛不能兼則有抑抗正真而義理之者忿枉祐直助彼攻此物事而有以心為矣故上義為之而有以為也直不能篤則有游飾修文禮敬之者尚好修敬校責徃來則不對之間忿怒生焉故上禮為之而莫之應則攘臂而扔之夫大之極也其唯道乎自此已徃豈足尊哉故雖盛業大富而有萬物猶各得其徳雖貴以無為用不能捨無以為體也不能捨無以為體則失其為大矣所謂失道而後徳也以無為用徳其母故能已不勞焉而物無不理下此已徃則失用之母不能無為而貴博施不能博施而貴正直不能正直而貴飾敬所謂失徳而後仁失仁而後義失義而後禮也夫禮也所始首於忠信不篤通簡不陽責備於表機㣲争制夫仁義發於内為之猶偽况務外飾而可久乎故夫禮者忠信之薄而亂之首也前識者前人而識也即下徳之倫也竭其聰明以為前識役其智力以營庶事雖徳其情姦巧彌密雖豐其譽愈喪篤實勞而事昏務而治薉雖竭聖智而民愈害舍已任物則無為而泰守夫素樸則不順典制聽彼所獲棄此所守識道之華而愚之首故茍得其為功之母則萬物作焉而不辭也萬事存焉而不勞也用不以形御不以名故名仁義可顯禮敬可彰也夫載之以大道鎮之以無名則物無所尚志無所營各任其貞事用其誠則仁徳厚焉行義正焉禮敬清焉棄其所載舍其所生用其成形役其聰明仁則誠焉義其競焉禮其争焉故仁徳之厚非用仁之所能也行義之正非用義之所成也禮敬之清非用禮之所濟也載之以道統之以母故顯之而無所尚彰之而無所競用夫無名故名以篤焉用夫無形故形以成焉守母以存其子崇本以舉其末則形名俱有而邪不生大美配天而華不作故母不可逺本不可失仁義母之所生非可以為母形器匠之所成非可以為匠也捨其母而用其子棄其本而適其末名則有所分形則有所止雖極其大必有不周雖盛其美必有患憂功在為之豈足處也,
38,韓非,Han Fei (d. 233 BCE),1,上德不德，是以有德。,"The highest integrity does not do integrity, and so it has integrity.",aligned to our base text,〔解老〕 德者，内也；得者，外也。「上德不德」，言其神不淫於外也。神不淫於外則身全，身全之謂德。德者，得身也。凡德者，以無爲集，以無欲成，以不思安，以不用固。爲之欲之，則德無舍；德無舍，則不全。用之思之則不固，不固則無功，無功則生於德。德則無德，不得則有德。故曰：「上德不德，是以有德。」,
38,韓非,Han Fei (d. 233 BCE),2,上禮爲之而莫之應。,"The highest duty acts, and has something it acts for.",aligned to our base text,〔解老〕 禮者，所以貌情也，群義之文章也，君臣父子之交也，貴賤賢不肖之所以别也。中心懷而不諭，故疾趨卑拜而明之；實心愛而不知，故好言繁辝以信之。禮者，外飾之所以諭内也。故曰：禮以貌情也。凡人之爲外物動也，不知其爲身之禮也。衆人之爲禮也，以尊他人也，故時勸時衰。君子之爲禮，以爲其身；以爲其身，故神之爲上禮；上禮神而衆人貳，故不能相應；不能相應，故曰：「上禮爲之而莫之應。」衆人雖貳，聖人之復恭敬盡手足之禮也不衰。故曰：「攘臂而仍之。」,
39,河上公,Heshang Gong (Han),1,昔之得一者,"From the very beginning, these things draw from the one:",aligned to our base text,昔往也一無為道之子也,
39,河上公,Heshang Gong (Han),2,天得一以清地得一以寧,The sky draws from the one and becomes clear. Earth draws from the one and becomes solid.,aligned to our base text,言天得一故能垂象清明地得一故能安靜不動揺,
39,河上公,Heshang Gong (Han),3,神得一以靈,Spirit draws from the one and becomes vital.,aligned to our base text,言神得一故能変化無形,
39,河上公,Heshang Gong (Han),4,谷得一以盈,Valleys draw from the one and become lush.,aligned to our base text,言谷得一故能盈滿而不絶也,
39,河上公,Heshang Gong (Han),5,萬物得一以生,The countless things draw from the one and come into being.,aligned to our base text,言萬物皆須道以生成也,
39,河上公,Heshang Gong (Han),6,其致之,These are the natural consequences:,aligned to our base text,致誡也謂下五事也,
39,河上公,Heshang Gong (Han),7,天無以清將恐裂,"If the sky lacked clarity, it would be obliterated.",aligned to our base text,言天當有隂陽施張晝夜更用不可但欲清明無巳時將恐分裂不為天,
39,河上公,Heshang Gong (Han),8,地無以寧將恐發,"If the earth lacked solidity, it would disintegrate.",aligned to our base text,言地當有高下剛柔氣節五行不可但欲安靜無巳時將恐發泄不為地,
39,河上公,Heshang Gong (Han),9,神無以靈將恐歇,"If spirit lacked vitality, it would fade away.",aligned to our base text,言神當有王相囚死休廢不可但欲靈無巳時將恐虚歇不為神也歇詐謁反,
39,河上公,Heshang Gong (Han),10,谷無以盈將恐竭,"If valleys lacked lushness, they would dry up.",aligned to our base text,言谷當有盈縮虚實不可但欲盈滿無巳時將恐枯竭不為谷,
39,河上公,Heshang Gong (Han),11,萬物無以生將恐滅,"If the countless things lacked presence, they would cease to exist.",aligned to our base text,言萬物當隨時生死不可但欲生無巳時將恐滅亡不為物也,
39,河上公,Heshang Gong (Han),12,故貴以賤為本,"Therefore, the noble is rooted in the humble.",aligned to our base text,言必欲尊貴當以薄賤為本若禹稷躬稼舜陶河濵周公下白屋也,
39,河上公,Heshang Gong (Han),13,此非以賤為本耶,Isn’t this recognizing the lowly as the root? Isn’t it?,aligned to our base text,言侯王至尊貴能以孤寡自稱此非以賤為本乎以曉人,
39,河上公,Heshang Gong (Han),14,非乎,Isn’t this recognizing the lowly as the root? Isn’t it?,aligned to our base text,嗟歎之辝,
39,王弼,Wang Bi (d. 249 CE),1,昔之得一者,"From the very beginning, these things draw from the one:",aligned to our base text,昔始也一數之始而物之極也各是一物之生所以為主也物皆各得此一以成既成而舍以居成居成則失其母故皆裂發歇竭滅蹶也,
39,王弼,Wang Bi (d. 249 CE),2,天得一以清地得一以寧神得一以靈谷得一以盈萬物得一以生侯王得一以為天下貞其致之〔案各本致之下有一也二字焦竑云開元本無〕,The sky draws from the one and becomes clear. Earth draws from the one and becomes solid. Spirit draws from the one and becomes vital. Valleys draw from the one and become lush. The countless things draw from the one and come into being. Rulers draw from the one and become true anchors for the world. These are the natural consequences:,aligned to our base text,各以其一致此清寧靈盈生貞,
39,王弼,Wang Bi (d. 249 CE),3,天無以清將恐裂,"If the sky lacked clarity, it would be obliterated.",aligned to our base text,用一以致清耳非用清以清也守一則清不失用清則恐裂也故為功之母不可舍也是以皆無用其功恐喪其本也,
40,河上公,Heshang Gong (Han),1,反者道之動,Returning is the Tao’s movement;,aligned to our base text,反本也本者道所以動動生萬物背之則亡也,
40,河上公,Heshang Gong (Han),2,弱者道之用,Yielding is the Tao’s use.,aligned to our base text,柔弱者道之所常用故能長久,
40,河上公,Heshang Gong (Han),3,天下萬物生於有,The countless things of the world are born from presence;,aligned to our base text,萬物皆從天地生天地有形位故言生於有也,
40,河上公,Heshang Gong (Han),4,有生於無,Presence is born from absence.,aligned to our base text,天地神明蜎飛蠕動皆從道生道无形故言生於无此言本勝於華弱勝於強謙虚勝盈滿也,
40,王弼,Wang Bi (d. 249 CE),1,反者道之動,Returning is the Tao’s movement;,aligned to our base text,髙以下為基貴以賤為本有以無為用此其反也動皆知其所無則物通矣故曰反者道之動也,
40,王弼,Wang Bi (d. 249 CE),2,弱者道之用,Yielding is the Tao’s use.,aligned to our base text,柔弱同通不可窮極,
40,王弼,Wang Bi (d. 249 CE),3,天下萬物生於有有生於無,The countless things of the world are born from presence; Presence is born from absence.,aligned to our base text,天下之物皆以有為生有之所始以無為本將欲全有必反於無也,
41,河上公,Heshang Gong (Han),1,上士聞道勤而行之,The highest student hears the Tao and practices it with diligence.,aligned to our base text,上士聞道自勤苦竭力而行之,
41,河上公,Heshang Gong (Han),2,中士聞道若存若亡,"The average student hears the Tao and keeps some, forgets some.",aligned to our base text,中士聞道治身以長存治國以太平欣然而存之退見財色榮譽或於情欲而復亡之也,
41,河上公,Heshang Gong (Han),3,故建言有之,"Therefore, it is said:",aligned to our base text,建設也設言以有道當如下句,
41,河上公,Heshang Gong (Han),4,明道若昧,"Bright Tao seems dark, advancing Tao seems to retreat, smooth Tao seems rough.",aligned to our base text,明道之人若闇昧无所見昧梅對反,
41,河上公,Heshang Gong (Han),5,進道若退,"Bright Tao seems dark, advancing Tao seems to retreat, smooth Tao seems rough.",aligned to our base text,進取道者若退不及,
41,河上公,Heshang Gong (Han),6,上德若谷,"The highest integrity seems like a valley, and true purity seems soiled.",aligned to our base text,上德之人若深谷不恥垢濁也,
41,河上公,Heshang Gong (Han),7,大白若辱,"The highest integrity seems like a valley, and true purity seems soiled.",aligned to our base text,大潔白之人若汙辱不自彰𩔰,
41,河上公,Heshang Gong (Han),8,廣德若不足,"Vast integrity seems insufficient, well-founded integrity seems slack, and the most solid truth seems to waver.",aligned to our base text,德行廣大之人若愚須不足也,
41,河上公,Heshang Gong (Han),9,建德若偷,"Vast integrity seems insufficient, well-founded integrity seems slack, and the most solid truth seems to waver.",aligned to our base text,建設道德之人若可偷引使空虚也,
41,河上公,Heshang Gong (Han),10,大方無隅,"The great square has no corners, the great vessel is never completed,",aligned to our base text,大方正之人无委曲亷隅,
41,河上公,Heshang Gong (Han),11,大器晚成,"The great square has no corners, the great vessel is never completed,",aligned to our base text,大器之人若九鼎瑚璉不可卒成也,
41,河上公,Heshang Gong (Han),12,大音希聲,"The great sound can barely be heard, the great image has no form.",aligned to our base text,大音猶雷霆待時而動喻常愛氣希言也,
41,河上公,Heshang Gong (Han),13,大象無形,"The great sound can barely be heard, the great image has no form.",aligned to our base text,大法象之人質朴无形容,
41,河上公,Heshang Gong (Han),14,道隱無名,The Tao is hidden and nameless.,aligned to our base text,道潛隱使人无能指名也,
41,河上公,Heshang Gong (Han),15,夫唯道善貸且成,Yet the Tao alone masterfully provides for the countless things and brings them to completion.,aligned to our base text,成就也言道善稟貸人精氣且成就之也貸吐代反,
41,王弼,Wang Bi (d. 249 CE),1,上士聞道勤而行之,The highest student hears the Tao and practices it with diligence.,aligned to our base text,有志也,
41,王弼,Wang Bi (d. 249 CE),2,中士聞道若存若亡下士聞道大笑之不笑不足以為道故建言有之〔案之下一本有曰字〕,"The average student hears the Tao and keeps some, forgets some. The lowest student hears the Tao and laughs aloud at it. If it weren’t laughed at, the Tao wouldn’t be what it is. Therefore, it is said:",aligned to our base text,建猶立也,
41,王弼,Wang Bi (d. 249 CE),3,明道若昧,"Bright Tao seems dark, advancing Tao seems to retreat, smooth Tao seems rough.",aligned to our base text,光而不耀,
41,王弼,Wang Bi (d. 249 CE),4,進道若退,"Bright Tao seems dark, advancing Tao seems to retreat, smooth Tao seems rough.",aligned to our base text,後其身而身先外其身而身存,
41,王弼,Wang Bi (d. 249 CE),5,夷道若纇〔案纇河上公注本作𩔖〕,"Bright Tao seems dark, advancing Tao seems to retreat, smooth Tao seems rough.",aligned to our base text,纇㘨也大夷之道因物之性不執平以割物其平不見乃更反若纇㘨也,
41,王弼,Wang Bi (d. 249 CE),6,上徳若谷,"The highest integrity seems like a valley, and true purity seems soiled.",aligned to our base text,不徳其徳無所懐也,
41,王弼,Wang Bi (d. 249 CE),7,廣徳若不足,"Vast integrity seems insufficient, well-founded integrity seems slack, and the most solid truth seems to waver.",aligned to our base text,廣徳不盈廓然無形不可滿也,
41,王弼,Wang Bi (d. 249 CE),8,建徳若偷,"Vast integrity seems insufficient, well-founded integrity seems slack, and the most solid truth seems to waver.",aligned to our base text,偷匹也建徳者因物自然不立不施故若偷匹,
41,王弼,Wang Bi (d. 249 CE),9,質真若渝〔案渝一作媮〕,"Vast integrity seems insufficient, well-founded integrity seems slack, and the most solid truth seems to waver.",aligned to our base text,質真者不矜其真故渝,
41,王弼,Wang Bi (d. 249 CE),10,大方無隅,"The great square has no corners, the great vessel is never completed,",aligned to our base text,方而不割故無隅也,
41,王弼,Wang Bi (d. 249 CE),11,大器晚成,"The great square has no corners, the great vessel is never completed,",aligned to our base text,大器成天下不持全别故必晚成也,
41,王弼,Wang Bi (d. 249 CE),12,大音希聲,"The great sound can barely be heard, the great image has no form.",aligned to our base text,聽之不聞名曰希不可得聞之音也有聲則有分有分則不宫而商矣分則不能統衆故有聲者非大音也,
41,王弼,Wang Bi (d. 249 CE),13,大象無形,"The great sound can barely be heard, the great image has no form.",aligned to our base text,有形則有分有分者不温則炎不炎則寒故象而形者非大象,
41,王弼,Wang Bi (d. 249 CE),14,道隐無名夫唯道善貸且成,The Tao is hidden and nameless. Yet the Tao alone masterfully provides for the countless things and brings them to completion.,aligned to our base text,凡此諸善皆是道之所成也在象則為大象而大象無形在音則為大音而大音希聲物以之成而不見其成形故隐而無名也貸之非唯供其乏而已一貸之則足以永終其徳故曰善貸也成之不如機匠之裁無物而不濟其形故曰善成,
41,韓非,Han Fei (d. 233 BCE),1,大器晩成，大音希聲。,"The great square has no corners, the great vessel is never completed, The great sound can barely be heard, the great image has no form.",aligned to our base text,〔喻老〕 楚莊王莅政三年，無令發，無政爲也。右司馬御座而與王隱曰：「有鳥止南方之阜，三年不翅，不飛不鳴，嘿然無聲，此爲何名？」王曰：「三年不翅，將以長羽翼；不飛不鳴，將以觀民則。雖無飛，飛必冲天；雖無鳴，鳴必驚人。子釋之，不穀知之矣。」處半年，乃自聽政。所廢者十，所起者九；誅大臣五，舉處士六，而邦大治。舉兵誅齊，敗之徐州，勝晉於河雍，合諸侯於宋，遂霸天下。莊王不爲小害善，故有大名；不蚤見示，故有大功。故曰：「大器晩成，大音希聲。」,
42,河上公,Heshang Gong (Han),1,道生一,"The Tao births the one, the one births the two, the two births the three, the three births the countless things.",aligned to our base text,道始所生者,
42,河上公,Heshang Gong (Han),2,一生二,"The Tao births the one, the one births the two, the two births the three, the three births the countless things.",aligned to our base text,一生隂與陽也,
42,河上公,Heshang Gong (Han),3,二生三,"The Tao births the one, the one births the two, the two births the three, the three births the countless things.",aligned to our base text,隂陽生和氣濁三氣分為天地人也,
42,河上公,Heshang Gong (Han),4,三生萬物,"The Tao births the one, the one births the two, the two births the three, the three births the countless things.",aligned to our base text,天地共生萬物也天施地化人長養之也,
42,河上公,Heshang Gong (Han),5,萬物負隂而抱陽,"The countless things carry yin on their backs and embrace yang with their arms, blending the vital breath into harmony.",aligned to our base text,萬物无不負隂而向陽廻心而就日,
42,河上公,Heshang Gong (Han),6,故物或損之而益,"For so it is: what is decreased is thereby increased, and what is increased is thereby decreased.",aligned to our base text,引之不得推之必還,
42,河上公,Heshang Gong (Han),7,或益之而損,"For so it is: what is decreased is thereby increased, and what is increased is thereby decreased.",aligned to our base text,夫増髙者崩貪富者致患,
42,河上公,Heshang Gong (Han),8,人之所教,"What others teach, I also teach:",aligned to our base text,謂衆人所以教去弱為強去柔為剛,
42,河上公,Heshang Gong (Han),9,我亦教之,"What others teach, I also teach:",aligned to our base text,言我教衆人使去強為弱去剛為柔,
42,河上公,Heshang Gong (Han),10,強梁者不得其死,The strong and rigid do not die a natural death.,aligned to our base text,強梁謂不信玄妙背叛道徳不從經教尚勢任力也不得其死者為天所絶兵刃所伐王法所殺不得以壽命死也,
42,河上公,Heshang Gong (Han),11,吾將以為教父,I take this as the root of learning.,aligned to our base text,父始也老子以強梁之人為敎戒之始也,
42,王弼,Wang Bi (d. 249 CE),1,道生一一生二二生三三生萬物萬物負隂而抱陽沖氣以為和人之所惡唯孤寡不穀而王公以為稱故物或損之而益或益之而損,"The Tao births the one, the one births the two, the two births the three, the three births the countless things. The countless things carry yin on their backs and embrace yang with their arms, blending the vital breath into harmony. What most people hate is to be called orphaned, meager, or unworthy, Yet rulers and lords take these very descriptions for themselves. For so it is: what is decreased is thereby increased, and what is increased is thereby decreased.",aligned to our base text,萬物萬形其歸一也何由致一由於無也由無乃一一可謂無已謂之一豈得無言乎有言有一非二如何有一有二遂生乎三從無之有數盡乎斯過此以徃非道之流故萬物之生吾知其主雖有萬形沖氣一焉百姓有心異國殊風而得一者王侯主焉以一為主一何可舍愈多愈逺損則近之損之至盡乃得其極既謂之一猶乃至三况本不一而道可近乎損之而益豈虚言也,
42,王弼,Wang Bi (d. 249 CE),2,人之所教我亦教之〔案二句焦竑云一作人之所以教我亦我之所以教人一作人之所教亦我義教之〕,"What others teach, I also teach:",aligned to our base text,我之非强使人從之也而用夫自然舉其至理順之必吉違之必凶故人相教違之自取其凶也亦如我之教人勿違之也,
42,王弼,Wang Bi (d. 249 CE),3,强梁者不得其死吾將以為教父,The strong and rigid do not die a natural death. I take this as the root of learning.,aligned to our base text,强梁則必不得其死人相教為强梁則必如我之教人不當為强梁也舉其强梁不得其死以教耶若云順吾教之必吉也故得其違教之徒適可以為教父也,
43,河上公,Heshang Gong (Han),1,天下之至柔馳騁天下之至堅,The softest thing in the world gallops over the hardest thing in the world.,aligned to our base text,至柔者水至堅金石水能貫堅入剛无所不通騁敕領反,
43,河上公,Heshang Gong (Han),2,無有入無間,The formless enters the seamless.,aligned to our base text,無有謂道也道無形質故能出入无間通神羣生也,
43,河上公,Heshang Gong (Han),3,吾是以知無為之有益,This is how I know the benefit of non-doing.,aligned to our base text,吾見道无為而萬物自化成是以知无為之有益於人也,
43,河上公,Heshang Gong (Han),4,不言之教,"The wordless teaching, the benefit of non-doing —",aligned to our base text,法道不言師之以身,
43,河上公,Heshang Gong (Han),5,無為之益,"The wordless teaching, the benefit of non-doing —",aligned to our base text,法道无為治身則有益精神治國則有益萬民不勞煩也,
43,河上公,Heshang Gong (Han),6,天下希及之,few ever reach this.,aligned to our base text,天下人主也希能有及道无為之治身治國也,
43,王弼,Wang Bi (d. 249 CE),1,天下之至柔馳騁天下之至堅,The softest thing in the world gallops over the hardest thing in the world.,aligned to our base text,氣無所不入水無所不出於經,
43,王弼,Wang Bi (d. 249 CE),2,不言之教無為之益天下希及之,"The wordless teaching, the benefit of non-doing — few ever reach this.",aligned to our base text,,
44,河上公,Heshang Gong (Han),1,名與身孰親,Reputation or your self — which is dearer?,aligned to our base text,名遂則身退也,
44,河上公,Heshang Gong (Han),2,身與貨孰多,Your self or goods — which is worth more?,aligned to our base text,財多則害身也,
44,河上公,Heshang Gong (Han),3,得與亡孰病,Gain or loss — which does more harm?,aligned to our base text,好得利則病於行也,
44,河上公,Heshang Gong (Han),4,甚愛必大費,"Therefore, extreme attachment inevitably brings great cost",aligned to our base text,甚愛色費精神甚愛財遇禍患所愛者少所亡者多故言大費,
44,河上公,Heshang Gong (Han),5,多藏必厚亡,And hoarding inevitably brings heavy loss.,aligned to our base text,生多藏於府庫死多藏於丘墓生有攻刼之憂死有掘冢探柩之患,
44,河上公,Heshang Gong (Han),6,知足不辱,"Know when you have enough, and you are never disgraced.",aligned to our base text,知足之人絶利去欲不辱於身,
44,河上公,Heshang Gong (Han),7,知止不殆,"Know when to stop, and you come to no danger.",aligned to our base text,知可止則財利不累身聲色不亂於耳目則身不危殆也,
44,河上公,Heshang Gong (Han),8,可以長久,And so you can last long.,aligned to our base text,人能知止足則福禄在己治身者神不勞治國者民不擾故可長久,
44,王弼,Wang Bi (d. 249 CE),1,名與身孰親,Reputation or your self — which is dearer?,aligned to our base text,尚名好髙其身必疏,
44,王弼,Wang Bi (d. 249 CE),2,身與貨孰多,Your self or goods — which is worth more?,aligned to our base text,貪貨無厭其身必少,
44,王弼,Wang Bi (d. 249 CE),3,得與亡孰病,Gain or loss — which does more harm?,aligned to our base text,得多利而亡其身何者為病也,
44,王弼,Wang Bi (d. 249 CE),4,是故甚愛必大費多藏必厚亡,"Therefore, extreme attachment inevitably brings great cost And hoarding inevitably brings heavy loss.",aligned to our base text,甚愛不與物通多藏不與物散求之者多攻之者衆為物所病故大費厚亡也,
44,王弼,Wang Bi (d. 249 CE),5,知足不辱知止不殆可以長久,"Know when you have enough, and you are never disgraced. Know when to stop, and you come to no danger. And so you can last long.",aligned to our base text,,
45,河上公,Heshang Gong (Han),1,其用不弊,"Great completeness seems deficient, yet when used, it never wears out.",aligned to our base text,其用心如是則无弊盡時,
45,河上公,Heshang Gong (Han),2,其用不窮,"Great fullness seems empty, yet when used, it never runs dry.",aligned to our base text,其用心如是則无窮盡時也,
45,河上公,Heshang Gong (Han),3,大直若屈,Great straightness seems crooked.,aligned to our base text,大直謂修道法度正直如一也如屈者不與俗人爭如可屈折屈丘勿反,
45,河上公,Heshang Gong (Han),4,大巧若拙,Great skill seems clumsy.,aligned to our base text,大巧謂多才術也如拙者亦不敢見其能,
45,河上公,Heshang Gong (Han),5,大辯若訥,Great argument seems halting.,aligned to our base text,大辯者智無疑如訥者口尢辝訥奴忽反,
45,河上公,Heshang Gong (Han),6,躁勝寒,Movement overcomes cold; stillness overcomes heat.,aligned to our base text,勝極也春夏陽氣躁疾於上萬物盛大極則寒寒則零落死亡也言人不當剛躁也躁則到反,
45,河上公,Heshang Gong (Han),7,清靜為天下正,Clear stillness brings order to the world.,aligned to our base text,能清靜則為天下長持正則無終巳時也,
45,王弼,Wang Bi (d. 249 CE),1,大成若缺其用不□,"Great completeness seems deficient, yet when used, it never wears out.",aligned to our base text,隨物而成不為一象故若缺也,
45,王弼,Wang Bi (d. 249 CE),2,大盈若沖其用不窮,"Great fullness seems empty, yet when used, it never runs dry.",aligned to our base text,大盈充足隨物而與無所愛矜故若沖也,
45,王弼,Wang Bi (d. 249 CE),3,大直若屈,Great straightness seems crooked.,aligned to our base text,隨物而直直不在一故若屈也,
45,王弼,Wang Bi (d. 249 CE),4,大巧若拙,Great skill seems clumsy.,aligned to our base text,大巧因自然以成器不造為異端故若拙也,
45,王弼,Wang Bi (d. 249 CE),5,大辯若訥,Great argument seems halting.,aligned to our base text,大辯因物而言已無所造故若訥也,
46,河上公,Heshang Gong (Han),1,天下有道,"When the world embraces the Tao, swift horses are retired to work the fields.",aligned to our base text,謂人主有道也,
46,河上公,Heshang Gong (Han),2,天下無道,"When the world lacks the Tao, war horses are bred in the borderlands.",aligned to our base text,謂人主無道也,
46,河上公,Heshang Gong (Han),3,戎馬生於郊,"When the world lacks the Tao, war horses are bred in the borderlands.",aligned to our base text,戰伐不止戎馬生於郊境之上久不還也,
46,河上公,Heshang Gong (Han),4,禍莫大於不知足,"There is no greater disaster than discontent,",aligned to our base text,冨貴不能自禁止也,
46,河上公,Heshang Gong (Han),5,咎莫大於欲得,No greater fault than craving to acquire.,aligned to our base text,欲得人物利且貪也咎其乆反,
46,河上公,Heshang Gong (Han),6,故知足之足,And so the contentment of knowing you have enough is ever-present contentment.,aligned to our base text,守真根也,
46,河上公,Heshang Gong (Han),7,常足,And so the contentment of knowing you have enough is ever-present contentment.,aligned to our base text,无欲心也,
46,王弼,Wang Bi (d. 249 CE),1,天下有道卻走馬以糞,"When the world embraces the Tao, swift horses are retired to work the fields.",aligned to our base text,天下有道知足知止無求於外各修其内而已故卻走馬以治田糞也,
46,王弼,Wang Bi (d. 249 CE),2,天下無道戎馬生於郊,"When the world lacks the Tao, war horses are bred in the borderlands.",aligned to our base text,貪欲無厭不修其内各求於外故戎馬生於郊也,
46,王弼,Wang Bi (d. 249 CE),3,禍莫大於不知足〔案河上公注本此句上有罪莫大於可欲一句〕咎莫大於欲得〔案大韓非子作㦧〕故知足之足常足矣,"There is no greater disaster than discontent, No greater fault than craving to acquire. And so the contentment of knowing you have enough is ever-present contentment.",aligned to our base text,,
46,韓非,Han Fei (d. 233 BCE),1,戎馬生於郊。,"When the world lacks the Tao, war horses are bred in the borderlands.",aligned to our base text,〔喻老〕 天下有道，無急患，則曰静，遽傳不用。故曰：「却走馬以糞。」天下無道，攻擊不休，相守數年不已，甲胄生蟣虱，鷰雀處帷幄，而兵不歸。故曰：「戎馬生於郊。」,
46,韓非,Han Fei (d. 233 BCE),2,禍莫大於不知足。,"There is no greater disaster than discontent,",aligned to our base text,〔喻老〕 智伯兼范、中行而攻趙不已，韓、魏反之，軍敗晉陽，身死高梁之東，遂卒被分，漆其首以爲溲器。故曰：「禍莫大於不知足。」,
46,韓非,Han Fei (d. 233 BCE),3,禍莫大於不知足。,"There is no greater disaster than discontent,",aligned to our base text,〔解老〕 人無毛羽，不衣則不犯寒；上不屬天而下不著地，以腸胃爲根本，不食則不能活。是以不免於欲利之心。欲利之心不除，其身之憂也。故聖人衣足以犯寒，食足以充虚，則不憂矣。衆人則不然，大爲諸侯，小餘千金之資，其欲得之憂不除也。胥靡有免，死罪時活，今不知足者之憂終身不解。故曰：「禍莫大於不知足。」,
47,河上公,Heshang Gong (Han),1,不出户知天下,"Without leaving home, you know the whole world. Without looking out the window, you see the way of nature.",aligned to our base text,聖人不出户以知天下者以己身知人身以巳家知人家所以見天下也,
47,河上公,Heshang Gong (Han),2,其出彌逺其知彌少,"Therefore, the sage knows without venturing,",aligned to our base text,謂去其家觀人家去其身觀人身所觀益逺所用益少也,
47,河上公,Heshang Gong (Han),3,是以聖人不行而知,"understands clearly without seeing,",aligned to our base text,聖人不上天不入淵能知天地以心知之,
47,王弼,Wang Bi (d. 249 CE),1,其出彌逺〔案韓非子逺下有者字〕其知彌少,"Therefore, the sage knows without venturing,",aligned to our base text,無在於一而求之於衆也道視之不可見聽之不可聞搏之不可得如其知之不須出户若其不知出愈逺愈迷也,
47,王弼,Wang Bi (d. 249 CE),2,不為而成,and accomplishes without acting.,aligned to our base text,明物之性因之而已故雖不為而使之成矣,
48,河上公,Heshang Gong (Han),1,為學日益,"In pursuit of learning, you increase daily; in pursuit of the Tao, you decrease daily.",aligned to our base text,學謂政教禮樂之學也日益者情欲文飾日以益多,
48,河上公,Heshang Gong (Han),2,為道日損,"In pursuit of learning, you increase daily; in pursuit of the Tao, you decrease daily.",aligned to our base text,道謂自然之道也日損者情欲文飾日以消損,
48,河上公,Heshang Gong (Han),3,損之又損,"Decreasing and decreasing, until you reach non-doing.",aligned to our base text,損情欲又損之所以漸去,
48,河上公,Heshang Gong (Han),4,以至於無爲,"Decreasing and decreasing, until you reach non-doing.",aligned to our base text,當恬惔如孾兒无所造爲,
48,河上公,Heshang Gong (Han),5,無爲而無不爲,"Non-doing, yet nothing is left undone.",aligned to our base text,情欲断絶德與道合則无所不施无所不爲也,
48,河上公,Heshang Gong (Han),6,取天下常以無事,The world always comes to you by not meddling with it.,aligned to our base text,取治也治天下常當以无事不當煩勞也,
48,河上公,Heshang Gong (Han),7,及其有事不足以取天下,"The moment you meddle, it stops coming.",aligned to our base text,及其好有事則政教煩民不安故不足以治天下也,
48,王弼,Wang Bi (d. 249 CE),1,為學日益,"In pursuit of learning, you increase daily; in pursuit of the Tao, you decrease daily.",aligned to our base text,務欲進其所能益其所習,
48,王弼,Wang Bi (d. 249 CE),2,為道日損,"In pursuit of learning, you increase daily; in pursuit of the Tao, you decrease daily.",aligned to our base text,務欲反虚無也,
48,王弼,Wang Bi (d. 249 CE),3,損之又損以至於無為無為而無不為,"Decreasing and decreasing, until you reach non-doing. Non-doing, yet nothing is left undone.",aligned to our base text,有為則有所失故無為乃無所不為也,
48,王弼,Wang Bi (d. 249 CE),4,取天下常以無事,The world always comes to you by not meddling with it.,aligned to our base text,動常因也,
48,王弼,Wang Bi (d. 249 CE),5,及其有事,"The moment you meddle, it stops coming.",aligned to our base text,自已造也,
48,王弼,Wang Bi (d. 249 CE),6,不足以取天下,"The moment you meddle, it stops coming.",aligned to our base text,失統本也,
49,河上公,Heshang Gong (Han),1,聖人無常心,The sage has no fixed heart; they take the heart of the people as their own.,aligned to our base text,聖人重改更貴因循若自无心,
49,河上公,Heshang Gong (Han),2,以百姓心爲心,The sage has no fixed heart; they take the heart of the people as their own.,aligned to our base text,百姓心之所便因而從之,
49,河上公,Heshang Gong (Han),3,善者吾善之,"The masterful, I count as masterful;",aligned to our base text,百姓爲善聖人因而善之,
49,河上公,Heshang Gong (Han),4,不善者吾亦善之,"the unmasterful, I count as masterful too.",aligned to our base text,百姓雖有不善者聖人化之使善也,
49,河上公,Heshang Gong (Han),5,德善,"Integrity is mastery. The trustworthy, I trust;",aligned to our base text,百姓德化聖人爲善,
49,河上公,Heshang Gong (Han),6,信者吾信之,"the untrustworthy, I trust as well.",aligned to our base text,百姓爲信聖人因而信之,
49,河上公,Heshang Gong (Han),7,不信者吾亦信之,Integrity is trust.,aligned to our base text,百姓爲不信聖人化之使信也,
49,河上公,Heshang Gong (Han),8,德信,"In the world, the sage breathes gently; for the sake of the world, they let their heart go muddy.",aligned to our base text,百姓德化聖人爲信,
49,河上公,Heshang Gong (Han),9,爲天下渾其心,"The people pour out their attention, all eyes and ears;",aligned to our base text,言聖人為天下百姓渾濁其心若愚闇不通也渾胡本反,
49,河上公,Heshang Gong (Han),10,百姓皆注其耳目,the sage sees them pure as infants.,aligned to our base text,注用也百姓皆用其耳目為聖人視聽也,
49,河上公,Heshang Gong (Han),11,聖人皆孩之,the sage sees them pure as infants.,aligned to our base text,聖人愛念百姓如孩孾赤子長養之而不責望其報孩胡來反,
49,王弼,Wang Bi (d. 249 CE),1,聖人無常心以百姓心為心,The sage has no fixed heart; they take the heart of the people as their own.,aligned to our base text,動常因也,
49,王弼,Wang Bi (d. 249 CE),2,善者吾善之不善者吾亦善之,"The masterful, I count as masterful; the unmasterful, I count as masterful too.",aligned to our base text,各因其用則善不失也,
49,王弼,Wang Bi (d. 249 CE),3,徳善〔案善下一本有矣字〕,"Integrity is mastery. The trustworthy, I trust;",aligned to our base text,無棄人也,
49,王弼,Wang Bi (d. 249 CE),4,聖人皆孩之〔案孩釋文云王弼作咳據注義仍宜作孩〕,the sage sees them pure as infants.,aligned to our base text,皆使和而無欲如嬰兒也夫天地設位聖人成能人謀鬼謀百姓與能者能者與之資者取之能大則大資貴則貴物有其宗事有其主如此則可冕旒充目而不懼於欺黈纊塞耳而無戚於慢又何為勞一身之聰明以察百姓之情哉夫以明察物物亦競以其明應之以不信察物物亦競以其不信應之夫天下之心不必同其所應不敢異則莫肯用其情矣甚矣害之大也莫大於用其明矣夫在智則人與之訟在力則人與之争智不出於人而立乎訟地則窮矣力不出於人而立乎争地則危矣未有能使人無用其智力乎己者也如此則己以一敵人而人以千萬敵己也若乃多其法網煩其刑罰塞其徑路攻其幽宅則萬物失其自然百姓喪其手足鳥亂於上魚亂於下是以聖人之於天下歙歙焉心無所主也為天下渾心焉意無所適莫也無所察焉百姓何避無所求焉百姓何應無避無應則莫不用其情矣人無為舍其所能而為其所不能舍其所長而為其所短如此則言者言其所知行者行其所能百姓各皆注其耳目焉吾皆孩之而已,
50,河上公,Heshang Gong (Han),1,出生入死,"Emerge into life, enter into death.",aligned to our base text,出生謂情欲出无内魂定魄靜故生也入死謂情欲入於胷臆精神勞惑故死,
50,河上公,Heshang Gong (Han),2,生之徒十有三死之徒十有三,Three in ten people are followers of life. Three in ten are followers of death.,aligned to our base text,言生死之𩔖各有十三謂九竅四𨵿也其生也目不妄視耳不妄聽鼻不妄香臰口不妄言味手不妄持足不妄行精神不妄施其死也及是也,
50,河上公,Heshang Gong (Han),3,夫何故,Why? Because they cling too tightly to life.,aligned to our base text,問何故動之死地也,
50,河上公,Heshang Gong (Han),4,以其生生之厚,Why? Because they cling too tightly to life.,aligned to our base text,所以動之死地者以其求生活之事太厚違道忤天妄行失紀,
50,河上公,Heshang Gong (Han),5,蓋聞善攝生者,It’s been said that one who truly tends life,aligned to our base text,攝養也,
50,河上公,Heshang Gong (Han),6,陸行不遇兕虎,"can travel the land without meeting rhinos or tigers,",aligned to our base text,自然逺避害不干也兕徐履反,
50,河上公,Heshang Gong (Han),7,夫何故,Why? Because they cling too tightly to life.,aligned to our base text,問虎兕兵甲何故不害之,
50,河上公,Heshang Gong (Han),8,以其無死地,Why? Because they give death no foothold.,aligned to our base text,以其不犯十三之死地言神明營䕶之此物不敢害,
50,王弼,Wang Bi (d. 249 CE),1,出生入死,"Emerge into life, enter into death.",aligned to our base text,出生地入死地,
50,韓非,Han Fei (d. 233 BCE),1,生之徒十有三，死之徒十有三。,Three in ten people are followers of life. Three in ten are followers of death.,aligned to our base text,〔解老〕 人始於生而卒於死。始之謂出，卒之謂入。故曰：「出生入死。」人之身三百六十節，四肢、九竅，其大具也。四肢與九竅十有三者，十有三者之動静盡屬於生焉。屬之謂徒也，故曰：生之徒也，十有三者。至死也，十有三具者皆還而屬之於死，死之徒亦有十三。故曰：「生之徒十有三，死之徒十有三。」凡民之生生，而生者固動，動盡則損也；而動不止，是損而不止也。損而不止則生盡，生盡之謂死，則十有三具者皆爲死死地也。故曰：「民之生，生而動，動皆之死地，之十有三。」,
50,韓非,Han Fei (d. 233 BCE),2,陸行不遇兕虎。,"can travel the land without meeting rhinos or tigers,",aligned to our base text,,
51,河上公,Heshang Gong (Han),1,道生之,"The Tao gives birth to the countless things, integrity rears them, matter forms them, circumstance completes them.",aligned to our base text,道生萬物,
51,河上公,Heshang Gong (Han),2,德畜之,"The Tao gives birth to the countless things, integrity rears them, matter forms them, circumstance completes them.",aligned to our base text,德一也一生布氣而畜養,
51,河上公,Heshang Gong (Han),3,物形之,"Therefore the countless things, without exception, revere the Tao and value integrity.",aligned to our base text,一為萬物設形象也,
51,河上公,Heshang Gong (Han),4,勢成之,"Therefore the countless things, without exception, revere the Tao and value integrity.",aligned to our base text,一為萬物作寒暑之勢以成之,
51,河上公,Heshang Gong (Han),5,是以萬物莫不尊道而貴德,"This reverence for the Tao, this valuing of integrity — no one commands it.",aligned to our base text,道德所為無不盡驚動而尊敬,
51,河上公,Heshang Gong (Han),6,道之尊德之貴夫莫之命而常自然,"It is always so, of itself. Thus, the Tao births the countless things and integrity rears them, grows and raises them, settles and matures them, nourishes and protects them.",aligned to our base text,道一不命召萬物而常自然應之如影響,
51,河上公,Heshang Gong (Han),7,生而不有,growing them without ruling them –,aligned to our base text,道生萬物不有所取以為利也,
51,河上公,Heshang Gong (Han),8,為而不恃,growing them without ruling them –,aligned to our base text,道所施為不恃望其報也,
51,河上公,Heshang Gong (Han),9,長而不宰,growing them without ruling them –,aligned to our base text,道長養萬物不宰割以為利也,
51,河上公,Heshang Gong (Han),10,是謂玄德,this is called profound integrity.,aligned to our base text,道之所行恩德玄闇不可得見,
51,王弼,Wang Bi (d. 249 CE),1,道生之徳畜之物形之勢成之,"The Tao gives birth to the countless things, integrity rears them, matter forms them, circumstance completes them. Therefore the countless things, without exception, revere the Tao and value integrity.",aligned to our base text,物生而後畜畜而後形形而後成何由而生道也何得而畜徳也何由而形物也何使而成勢也唯因也故能無物而不形唯勢也故能無物而不成凡物之所以生功之所以成皆有所由有所由焉則莫不由乎道也故推而極之亦至道也隨其所因故各有稱焉,
51,王弼,Wang Bi (d. 249 CE),2,是以萬物莫不尊道而貴徳,"This reverence for the Tao, this valuing of integrity — no one commands it.",aligned to our base text,道者物之所由也徳者物之所得也由之乃得故曰不得不失尊之則害不得不貴也,
51,王弼,Wang Bi (d. 249 CE),3,道之尊徳之貴夫莫之命而常自然,"It is always so, of itself. Thus, the Tao births the countless things and integrity rears them, grows and raises them, settles and matures them, nourishes and protects them.",aligned to our base text,命並作爵〔案此句疑係命字下原校注語誤作弼注〕,
51,王弼,Wang Bi (d. 249 CE),4,生而不有為而不恃,growing them without ruling them –,aligned to our base text,為而不有,
51,王弼,Wang Bi (d. 249 CE),5,長而不宰是謂𤣥徳,growing them without ruling them – this is called profound integrity.,aligned to our base text,有徳而不知其主也出乎幽㝠,
52,河上公,Heshang Gong (Han),1,天下有始,"The world has an origin, which serves as the mother of the world. Find our mother, and you know her children.",aligned to our base text,始有道也,
52,河上公,Heshang Gong (Han),2,以為天下母,"The world has an origin, which serves as the mother of the world. Find our mother, and you know her children.",aligned to our base text,道為天下萬物之母,
52,河上公,Heshang Gong (Han),3,既知其子復守其母,"and to the end of your days, no danger will find you. Block the openings, close the doors, and all your life will be struggle-free.",aligned to our base text,巳知一當復守道反無為,
52,河上公,Heshang Gong (Han),4,没身不殆,"and to the end of your days, no danger will find you. Block the openings, close the doors, and all your life will be struggle-free.",aligned to our base text,不危殆也,
52,河上公,Heshang Gong (Han),5,塞其兊,"Open the openings, multiply your affairs, and your life is beyond saving.",aligned to our base text,兊目也目不妄視也兊徒外反,
52,河上公,Heshang Gong (Han),6,終身不勤,"Open the openings, multiply your affairs, and your life is beyond saving.",aligned to our base text,人當塞目不妄視𨳲口不妄言則終身不勤苦,
52,河上公,Heshang Gong (Han),7,開其兊,To recognize things in their smallest form is clear-seeing.,aligned to our base text,開目視情欲也,
52,河上公,Heshang Gong (Han),8,濟其事,To recognize things in their smallest form is clear-seeing.,aligned to our base text,濟益也益情欲之事,
52,河上公,Heshang Gong (Han),9,終身不救,To recognize things in their smallest form is clear-seeing.,aligned to our base text,禍亂成也,
52,河上公,Heshang Gong (Han),10,見小曰明,"To stay with the soft is called strong. Use the outer light, return to your inner clarity,",aligned to our base text,萌芽未動禍亂未見為小昭然獨見為明,
52,河上公,Heshang Gong (Han),11,用其光,and you bring no calamity upon yourself.,aligned to our base text,用其目光於外視時世之利害,
52,河上公,Heshang Gong (Han),12,復歸其明,and you bring no calamity upon yourself.,aligned to our base text,復當反其光明於内無使精神泄也,
52,河上公,Heshang Gong (Han),13,無遺身殃,and you bring no calamity upon yourself.,aligned to our base text,内視存神不爲漏失遺唯季反,
52,王弼,Wang Bi (d. 249 CE),1,天下有始以為天下母既得其母以知其子既知其子復守其母沒身不殆,"The world has an origin, which serves as the mother of the world. Find our mother, and you know her children. Know her children, return and hold fast to our mother, and to the end of your days, no danger will find you. Block the openings, close the doors, and all your life will be struggle-free.",aligned to our base text,母本也子末也得本以知末不舍本以逐末也,
52,王弼,Wang Bi (d. 249 CE),2,塞其兊閉其門,"Open the openings, multiply your affairs, and your life is beyond saving.",aligned to our base text,兊事欲之所由生門事欲之所由從也,
52,王弼,Wang Bi (d. 249 CE),3,終身不勤,"Open the openings, multiply your affairs, and your life is beyond saving.",aligned to our base text,無事永逸故終身不勤也,
52,王弼,Wang Bi (d. 249 CE),4,開其兊濟其事終身不救,To recognize things in their smallest form is clear-seeing.,aligned to our base text,不閉其原而濟其事故雖終身不救,
52,王弼,Wang Bi (d. 249 CE),5,見小曰明守柔曰强,"To stay with the soft is called strong. Use the outer light, return to your inner clarity,",aligned to our base text,為治之功不在大見大不明見小乃明守强不强守柔乃强也,
52,王弼,Wang Bi (d. 249 CE),6,用其光,and you bring no calamity upon yourself.,aligned to our base text,顯道以去民迷,
52,王弼,Wang Bi (d. 249 CE),7,復歸其明,and you bring no calamity upon yourself.,aligned to our base text,不明察也,
53,河上公,Heshang Gong (Han),1,使我介然有知行於大道,"If I had just a scrap of knowledge, walking the path of the great Tao, my only fear would be to stray from it.",aligned to our base text,介大也老子疾時王不行大道故設此言使我介然有知於政事我則行於大道躬旡爲之化,
53,河上公,Heshang Gong (Han),2,唯施是畏,"If I had just a scrap of knowledge, walking the path of the great Tao, my only fear would be to stray from it.",aligned to our base text,唯獨也獨畏有所施爲失道意欲賞善恐偽善生欲信忠恐詐忠起,
53,河上公,Heshang Gong (Han),3,大道甚夷,"The great Tao is very level, yet people love to take shortcuts.",aligned to our base text,夷平易也,
53,河上公,Heshang Gong (Han),4,朝甚除,"The courts are immaculate, the fields are choked with weeds, the granaries are empty;",aligned to our base text,髙臺榭宫室修,
53,河上公,Heshang Gong (Han),5,田甚蕪,"The courts are immaculate, the fields are choked with weeds, the granaries are empty;",aligned to our base text,農事廢不耕治蕪音無,
53,河上公,Heshang Gong (Han),6,倉甚虛,"The courts are immaculate, the fields are choked with weeds, the granaries are empty;",aligned to our base text,五榖傷害國無儲也,
53,河上公,Heshang Gong (Han),7,服文綵,"Wearing ornate, colorful clothes, carrying sharp swords, gorged on food and drink, possessing excess wealth and goods —",aligned to our base text,好飾偽貴内華,
53,河上公,Heshang Gong (Han),8,厭飲食財貨有餘,"Wearing ornate, colorful clothes, carrying sharp swords, gorged on food and drink, possessing excess wealth and goods —",aligned to our base text,多嗜欲無足時,
53,河上公,Heshang Gong (Han),9,是謂盗夸,This exposes the ringleader of thieves. It is not the Tao\!,aligned to our base text,百姓而君有餘者是由劫盗以爲服飾持行夸人不知身死家破親戚并隨也,
53,王弼,Wang Bi (d. 249 CE),1,使我介然有知行於大道唯施是畏,"If I had just a scrap of knowledge, walking the path of the great Tao, my only fear would be to stray from it.",aligned to our base text,言若使我可介然有知行大道於天下唯施為之是畏也,
53,王弼,Wang Bi (d. 249 CE),2,朝甚除,"The courts are immaculate, the fields are choked with weeds, the granaries are empty;",aligned to our base text,朝宫室也除潔好也,
53,王弼,Wang Bi (d. 249 CE),3,田甚蕪倉甚虚,"The courts are immaculate, the fields are choked with weeds, the granaries are empty;",aligned to our base text,朝甚除則田甚蕪倉甚虚設一而衆害生也,
53,王弼,Wang Bi (d. 249 CE),4,服文綵帶利劔厭飲食財貨有餘是謂盗夸〔案夸韓非子作竽〕非道也哉,"Wearing ornate, colorful clothes, carrying sharp swords, gorged on food and drink, possessing excess wealth and goods — This exposes the ringleader of thieves. It is not the Tao\!",aligned to our base text,凡物不以其道得之則皆邪也邪則盗也夸而不以其道得之竊位也故舉非道以明非道則皆盗夸也五十四章〔案河上公注本此為修觀章〕,
54,河上公,Heshang Gong (Han),1,善建者不拔,What is masterfully planted cannot be uprooted. What is masterfully embraced cannot slip away.,aligned to our base text,建立也善以道立身立國者不可得引而㧞也拔皮八反,
54,河上公,Heshang Gong (Han),2,善抱者不脫,What is masterfully planted cannot be uprooted. What is masterfully embraced cannot slip away.,aligned to our base text,善以道抱精神者終不可㧞引解脫,
54,河上公,Heshang Gong (Han),3,修之於鄉其德乃長,"Cultivate this in your community, and its integrity becomes long-lasting. Cultivate this in your nation, and its integrity becomes bountiful.",aligned to our base text,修道於鄉尊敬長老愛養㓜小教誨愚鄙其德如是乃無不覆及也,
54,河上公,Heshang Gong (Han),4,修之於天下其德乃普,"Therefore, observe the self through your own self. Observe the family through your family.",aligned to our base text,人主修道於天下不言而化不教而治下之應上信如影響其德如是乃為普傳,
54,河上公,Heshang Gong (Han),5,故以身觀身,Observe the community through your community.,aligned to our base text,以修道之身觀不修道之身孰亡孰存也,
54,河上公,Heshang Gong (Han),6,以家觀家,Observe the community through your community.,aligned to our base text,以修道之家觀不修道之家也,
54,河上公,Heshang Gong (Han),7,以天下觀天下,Observe the nation through your nation. Observe the world through the world.,aligned to our base text,以修道之主觀不修道之主也,
55,河上公,Heshang Gong (Han),1,含德之厚,"A person with abundant integrity is like a newborn. Venomous creatures do not sting them,",aligned to our base text,謂含懐道徳之厚也,
55,河上公,Heshang Gong (Han),2,比於赤子,"A person with abundant integrity is like a newborn. Venomous creatures do not sting them,",aligned to our base text,神明保祐含徳之人若父母之於赤子也,
55,河上公,Heshang Gong (Han),3,毒蟲不螫,"fierce beasts do not seize them, birds of prey do not attack them.",aligned to our base text,蜂蠆蛇虺不螫螫音適,
55,河上公,Heshang Gong (Han),4,知和曰常,To force life to increase is an ill omen.,aligned to our base text,人能知和氣之柔弱有益於人者則為知道之常也,
55,河上公,Heshang Gong (Han),5,知常曰明,To force life to increase is an ill omen.,aligned to our base text,人能知道之常行則日以明達於玄妙也,
55,河上公,Heshang Gong (Han),6,謂之不道,This is called not-Tao. Not-Tao comes to an early end.,aligned to our base text,老不得道,
55,河上公,Heshang Gong (Han),7,不道早巳,This is called not-Tao. Not-Tao comes to an early end.,aligned to our base text,不得道者早巳死也,
55,王弼,Wang Bi (d. 249 CE),1,骨弱筋柔而握固,"Their bones are yielding and their muscles soft, yet their grasp is firm.",aligned to our base text,以柔弱之故故握能周固,
55,王弼,Wang Bi (d. 249 CE),2,精之至也終日號而不嗄〔案河上公注本而下有嗌字〕,"They do not yet know the union of female and male, yet their whole being quickens with life — this is vital essence at its utmost. It cries all day and never goes hoarse — this is harmony at its utmost. Knowing harmony is called the ever-present. Knowing the ever-present is called clear-seeing.",aligned to our base text,無争欲之心故終日出聲而不嗄也,
55,王弼,Wang Bi (d. 249 CE),3,和之至也知和曰常,Knowing harmony is called the ever-present. Knowing the ever-present is called clear-seeing. To force life to increase is an ill omen.,aligned to our base text,物以和為常故知和則得常也,
55,王弼,Wang Bi (d. 249 CE),4,知常曰明,To force life to increase is an ill omen.,aligned to our base text,不皦不昧不温不凉此常也無形不可得而見曰明也,
55,王弼,Wang Bi (d. 249 CE),5,益生曰祥,"When the heart drives the vital energy, that is called strong. When things reach their prime, they decay.",aligned to our base text,生不可益益之則夭也,
55,王弼,Wang Bi (d. 249 CE),6,心使氣曰强,"When the heart drives the vital energy, that is called strong. When things reach their prime, they decay.",aligned to our base text,心宜無有使氣則强,
55,王弼,Wang Bi (d. 249 CE),7,物壯則老謂之不道不道早已,This is called not-Tao. Not-Tao comes to an early end.,aligned to our base text,,
56,河上公,Heshang Gong (Han),1,知者不言,Those who know do not speak. Those who speak do not know.,aligned to our base text,知者貴行不貴言也,
56,河上公,Heshang Gong (Han),2,言者不知,Those who know do not speak. Those who speak do not know.,aligned to our base text,駟不及舌多言多患,
56,河上公,Heshang Gong (Han),3,塞其兊閉其門,"Block the openings, close the doors.",aligned to our base text,塞門之者欲絶其源,
56,河上公,Heshang Gong (Han),4,挫其銳,"Blunt the sharpness, untangle the knots.",aligned to our base text,情欲有所銳為當念道無為以挫止之挫子卧反,
56,河上公,Heshang Gong (Han),5,解其紛,"Blunt the sharpness, untangle the knots.",aligned to our base text,紛結恨不休當念道無為以挫止之,
56,河上公,Heshang Gong (Han),6,和其光,"Dim your own light, be the same as the dust.",aligned to our base text,雖有獨見之明當和之使闇昧不使曜亂,
56,河上公,Heshang Gong (Han),7,同其塵,"Dim your own light, be the same as the dust.",aligned to our base text,不當自别殊也,
56,河上公,Heshang Gong (Han),8,是謂玄同,This is called profound sameness.,aligned to our base text,玄天也人能行此上事是謂與天同道也,
56,河上公,Heshang Gong (Han),9,故不可得而親,"You cannot draw them near nor hold them off,",aligned to our base text,不以榮譽為樂獨立為哀,
56,河上公,Heshang Gong (Han),10,不可得而利,"neither benefit nor harm them,",aligned to our base text,身不欲富貴口不欲五味,
56,河上公,Heshang Gong (Han),11,不可得而貴,neither honor nor debase them.,aligned to our base text,不爲亂丗主不處暗君位,
56,河上公,Heshang Gong (Han),12,故為天下貴,"And so, they become the most honored in the world.",aligned to our base text,其德如此天子不得臣諸侯不得屈與世沉浮容身避害故為天下貴也,
56,王弼,Wang Bi (d. 249 CE),1,知者不言,Those who know do not speak. Those who speak do not know.,aligned to our base text,因自然也,
56,王弼,Wang Bi (d. 249 CE),2,言者不知,Those who know do not speak. Those who speak do not know.,aligned to our base text,造事端也,
56,王弼,Wang Bi (d. 249 CE),3,塞其兊閉其門挫其銳,"Block the openings, close the doors. Blunt the sharpness, untangle the knots.",aligned to our base text,含守質也,
56,王弼,Wang Bi (d. 249 CE),4,和其光,"Dim your own light, be the same as the dust.",aligned to our base text,無所特顯則物無所偏争也,
56,王弼,Wang Bi (d. 249 CE),5,同其塵,"Dim your own light, be the same as the dust.",aligned to our base text,無所特賤則物無所偏恥也,
56,王弼,Wang Bi (d. 249 CE),6,不可得而利不可得而害,"neither benefit nor harm them,",aligned to our base text,可得而利則可得而害也,
56,王弼,Wang Bi (d. 249 CE),7,不可得而貴不可得而賤,neither honor nor debase them.,aligned to our base text,可得而貴則可得而賤也,
56,王弼,Wang Bi (d. 249 CE),8,故為天下貴,"And so, they become the most honored in the world.",aligned to our base text,無物可以加之也,
57,河上公,Heshang Gong (Han),1,以正治國,"Govern the state with uprightness,",aligned to our base text,以至也天使正身之人使至有國也,
57,河上公,Heshang Gong (Han),2,以竒用兵,"wage war with surprise,",aligned to our base text,竒詐也天使詐為之人使用兵也,
57,河上公,Heshang Gong (Han),3,以無事取天下,and win the world by not meddling.,aligned to our base text,以無事無爲之人使取天下爲之主,
57,河上公,Heshang Gong (Han),4,吾何以知其然哉以此,How do I know it is so? By this:,aligned to our base text,此今也老子言我何以知天意然哉以今日所見知,
57,河上公,Heshang Gong (Han),5,天下多忌諱而民彌貧,"The more taboos in the world, the poorer the people become.",aligned to our base text,天下謂人主也忌諱者防禁也令煩則姦生禁多則下詐相殆故貧,
57,河上公,Heshang Gong (Han),6,人多伎巧竒物滋起,"The more cunning people become, the more strange contrivances appear.",aligned to our base text,人謂人君百里諸侯也多知伎巧謂刻畫宫觀彫琢服章竒物滋起下則化上飾金鏤玉文繡綵色日以滋甚,
57,河上公,Heshang Gong (Han),7,故聖人云,Therefore the sage says:,aligned to our base text,謂下事也,
57,河上公,Heshang Gong (Han),8,我無為而民自化,"I do not do, and the people transform themselves.",aligned to our base text,聖人言我修道承天无所攺作而民自化成也,
57,河上公,Heshang Gong (Han),9,我好靜而民自正,"I love stillness, and the people right themselves.",aligned to our base text,聖人言我好靜不言不教民皆自忠正也,
57,河上公,Heshang Gong (Han),10,我無事而民自富,"I do not meddle, and the people enrich themselves.",aligned to our base text,我無徭役徴召之事民安其業故皆自富,
57,王弼,Wang Bi (d. 249 CE),1,以正治國以竒用兵以無事取天下,"Govern the state with uprightness, wage war with surprise, and win the world by not meddling.",aligned to our base text,以道治國則國平以正治國則竒正起也以無事則能取天下也上章云其取天下者常以無事及其有事又不足以取天下也故以正治國則不足以取天下而以竒用兵也夫以道治國崇本以息末以正治國立辟以攻末本不立而末淺民無所及故必至於竒用兵也,
57,王弼,Wang Bi (d. 249 CE),2,人多伎巧竒物滋起,"The more cunning people become, the more strange contrivances appear.",aligned to our base text,民多智慧則巧偽生巧偽生則邪事起,
57,王弼,Wang Bi (d. 249 CE),3,法令滋彰盗賊多有,"The more laws are proclaimed, the more thieves there are.",aligned to our base text,立正欲以息邪而竒兵用多忌諱欲以恥貧而民彌貧利器欲以强國者也而國愈昏多皆舍本以治末故以致此也,
57,王弼,Wang Bi (d. 249 CE),4,故聖人云我無為而民自化我好静而民自正我無事而民自富我無欲而民自樸〔案一本有我無情而民自清句〕,"Therefore the sage says: I do not do, and the people transform themselves. I love stillness, and the people right themselves. I do not meddle, and the people enrich themselves. I am desireless, and the people become plain of themselves.",aligned to our base text,上之所欲民從之速也我之所欲唯無欲而民亦無欲而自樸也此四者崇本以息末也,
58,河上公,Heshang Gong (Han),1,其政悶悶,"When the government is dull and undiscerning, the people are pure and honest.",aligned to our base text,其政教寛大悶悶昧昧似若不明也,
58,河上公,Heshang Gong (Han),2,其政察察,"When the government is sharp and prying, the people turn cunning.",aligned to our base text,其政教急疾言決於口聽決於耳也,
58,河上公,Heshang Gong (Han),3,禍兮福之所倚,Disaster is what fortune leans on;,aligned to our base text,倚因也夫禍因福而生天遭禍而能悔過責已修善行道則禍去而福來,
58,河上公,Heshang Gong (Han),4,福兮禍之所伏,fortune is where disaster hides.,aligned to our base text,禍伏匿於福中人得福而為驕恣則福去禍來,
58,河上公,Heshang Gong (Han),5,孰知其極,Who knows where it ends? It has no fixed norm —,aligned to our base text,禍福更相生誰能知其窮極時,
58,河上公,Heshang Gong (Han),6,其無正,Who knows where it ends? It has no fixed norm —,aligned to our base text,无不也謂人君不正其身其无國也,
58,河上公,Heshang Gong (Han),7,正復為竒,"The straight turns crooked, the good turns monstrous.",aligned to our base text,竒詐也人君不正下雖正復化上為詐也,
58,河上公,Heshang Gong (Han),8,人之迷其日固乆,People have been lost in this for a very long time.,aligned to our base text,言人君迷惑失正以來其日已固久,
58,河上公,Heshang Gong (Han),9,是以聖人方而不割,"Therefore the sage is square but does not cut,",aligned to our base text,聖人行方正者欲以率下不以割截人也,
58,河上公,Heshang Gong (Han),10,直而不肆,"straight but does not overreach,",aligned to our base text,肆申也聖人雖直曲巳從人不自申之也,
58,王弼,Wang Bi (d. 249 CE),1,其政悶悶其民淳淳,"When the government is dull and undiscerning, the people are pure and honest.",aligned to our base text,言善治政者無形無名無事無政可舉悶悶然卒至於大治故曰其政悶悶也其民無所争競寛大淳淳故曰其民淳淳也,
58,王弼,Wang Bi (d. 249 CE),2,其政察察其民缺缺,"When the government is sharp and prying, the people turn cunning.",aligned to our base text,立刑名明賞罰以檢姦偽故曰察察也殊𩔖分析民懐争競故曰其民缺缺,
58,王弼,Wang Bi (d. 249 CE),3,禍兮福之所倚福兮禍之所伏孰知其極其無正〔案正下一本有邪字〕,Disaster is what fortune leans on; fortune is where disaster hides. Who knows where it ends? It has no fixed norm —,aligned to our base text,言誰知善治之極乎唯無可正舉無可形名悶悶然而天下大化是其極也,
58,王弼,Wang Bi (d. 249 CE),4,正復為竒,"The straight turns crooked, the good turns monstrous.",aligned to our base text,以正治國則便復以竒用兵矣故曰正復為竒,
58,王弼,Wang Bi (d. 249 CE),5,善復為妖,"The straight turns crooked, the good turns monstrous.",aligned to our base text,立善以和萬物則便復有妖之患也,
58,王弼,Wang Bi (d. 249 CE),6,人之迷其日固久〔案韓非子作其故以久矣〕,People have been lost in this for a very long time.,aligned to our base text,言人之迷惑失道固久矣不可便正善治以責,
58,王弼,Wang Bi (d. 249 CE),7,是以聖人方而不割,"Therefore the sage is square but does not cut,",aligned to our base text,以方導物舍去其邪不以方割物所謂大方無隅,
58,王弼,Wang Bi (d. 249 CE),8,直而不肆,"straight but does not overreach,",aligned to our base text,以直導物令去其僻而不以直激沸於物也所謂大直若屈也,
58,韓非,Han Fei (d. 233 BCE),1,禍兮福之所倚。,Disaster is what fortune leans on;,aligned to our base text,〔解老〕 人有禍，則心畏恐；心畏恐，則行端直；行端直，則思慮熟；思慮熟，則得事理。行端直，則無禍害；無禍害，則盡天年。得事理，則必成功。盡天年，則全而壽。必成功，則富與貴。全壽富貴之謂福，而福本於有禍。故曰：「禍兮福之所倚。」以成其功也。,
58,韓非,Han Fei (d. 233 BCE),2,福兮禍之所伏。,fortune is where disaster hides.,aligned to our base text,〔解老〕 人有福，則富貴至；富貴至，則衣食美；衣食美，則驕心生；驕心生，則行邪僻而動弃理。行邪僻，則身死夭；動弃理，則無成功。夫内有死夭之難而外無成功之名者，大禍也，而禍本生於有福。故曰：「福兮禍之所伏。」,
59,河上公,Heshang Gong (Han),1,治人,"When governing people and serving nature, nothing compares to conserving.",aligned to our base text,謂人君欲治理人民,
59,河上公,Heshang Gong (Han),2,事天,"When governing people and serving nature, nothing compares to conserving.",aligned to our base text,事用也當用天道順四時,
59,河上公,Heshang Gong (Han),3,莫若嗇,"When governing people and serving nature, nothing compares to conserving.",aligned to our base text,嗇貪也治國者當愛民則不為奢泰治身者當愛精氣不放□嗇生力反,
59,河上公,Heshang Gong (Han),4,夫唯嗇是謂早服,"Conserving is called returning early,",aligned to our base text,早先也服得也夫獨愛民財愛精氣則能先得天道也,
59,河上公,Heshang Gong (Han),5,早服謂之重積德,"returning early is called a heavy accumulation of integrity,",aligned to our base text,先得天道是謂重積德於己也重直容反,
59,河上公,Heshang Gong (Han),6,重積德則無不剋,"a heavy accumulation of integrity is when nothing cannot be overcome,",aligned to our base text,剋勝也重積德於己則无不勝,
59,河上公,Heshang Gong (Han),7,無不剋則莫知其極,"when nothing cannot be overcome, no one knows its limit,",aligned to our base text,無不剋勝則莫有知己德之窮極也,
59,河上公,Heshang Gong (Han),8,莫知其極可以有國,"when no one knows its limit, one can maintain the state.",aligned to our base text,莫知己徳有極則可以有社稷為民致福,
59,河上公,Heshang Gong (Han),9,有國之母可以長久,"Holding the mother of the state, one can last long.",aligned to our base text,國身同也母道也人能保身中之道使精氣不勞五神不苦則可以長久,
59,河上公,Heshang Gong (Han),10,是謂深根固□,"This is called the Tao of deep roots, firm base, long life, and enduring vision.",aligned to our base text,人能以氣為根以精為蔕如樹根不深則枝蔕不堅則落言當深藏其氣固守其精使無漏泄蔕丁計反,
59,河上公,Heshang Gong (Han),11,長生久視之道,"This is called the Tao of deep roots, firm base, long life, and enduring vision.",aligned to our base text,深根固蔕者乃長生久視之道,
59,王弼,Wang Bi (d. 249 CE),1,治人事天莫若嗇,"When governing people and serving nature, nothing compares to conserving.",aligned to our base text,莫若猶莫過也嗇農夫農人之治田務去其殊𩔖歸於齊一也全其自然不急其荒病除其所以荒病上承天命下綏百姓莫過於此,
59,王弼,Wang Bi (d. 249 CE),2,夫唯嗇是謂早服,"Conserving is called returning early,",aligned to our base text,早服常也,
59,王弼,Wang Bi (d. 249 CE),3,早服謂之重積徳,"returning early is called a heavy accumulation of integrity,",aligned to our base text,唯重積徳不欲銳速然後乃能使早服其常故曰早服謂之重積徳者也,
59,王弼,Wang Bi (d. 249 CE),4,重積徳則無不克無不克則莫知其極,"a heavy accumulation of integrity is when nothing cannot be overcome, when nothing cannot be overcome, no one knows its limit,",aligned to our base text,道無窮也,
59,王弼,Wang Bi (d. 249 CE),5,莫知其極可以有國,"when no one knows its limit, one can maintain the state.",aligned to our base text,以有窮而莅國非能有國也,
59,王弼,Wang Bi (d. 249 CE),6,有國之母可以長久,"Holding the mother of the state, one can last long.",aligned to our base text,國之所以安謂之母重積徳是唯圖其根然後營末乃得其終也,
59,王弼,Wang Bi (d. 249 CE),7,是謂深根固柢〔案韓非子深固下俱有其字〕長生久視之道,"This is called the Tao of deep roots, firm base, long life, and enduring vision.",aligned to our base text,,
59,韓非,Han Fei (d. 233 BCE),1,重積德，則無不克。,"a heavy accumulation of integrity is when nothing cannot be overcome,",aligned to our base text,,
59,韓非,Han Fei (d. 233 BCE),2,無不克，則莫知其極。,"when nothing cannot be overcome, no one knows its limit,",aligned to our base text,〔解老〕 知治人者，其思慮靜；知事天者，其孔竅虚。思慮靜，故德不去；孔竅虚，則和氣日入。故曰：「重積德。」夫能令故德不去，新和氣日至者，蚤服者也。故曰：「蚤服，是謂重積德。」積德而後神静，神静而後和多，和多而後計得，計得而後能御萬物，能御萬物則戰易勝敵，戰易勝敵而論必蓋世，論必蓋世，故曰：「無不克。」無不克本於重積德，故曰：「重積德，則無不克。」戰易勝敵，則兼有天下；論必蓋世，則民人從。進兼天下而退從民人，其術遠，則衆人莫見其端末。莫見其端末，是以莫知其極。故曰：「無不克，則莫知其極。」,
59,韓非,Han Fei (d. 233 BCE),3,有國之母，可以長久。,"Holding the mother of the state, one can last long.",aligned to our base text,,
60,河上公,Heshang Gong (Han),1,治大國若烹小鮮,Governing a large state is like cooking a small fish.,aligned to our base text,鮮魚烹小魚不去腸不去鱗不敢撓恐其糜也治國煩則下亂治身煩則精散,
60,河上公,Heshang Gong (Han),2,非其神不傷人聖人亦不傷,"not only does their potency do no harm, the sage, too, does no harm to people.",aligned to our base text,非□神不能傷害人以聖人在位不傷害人故□不敢干之也,
60,河上公,Heshang Gong (Han),3,夫兩不相傷,"And since the two do no harm to each other, their integrity converges and returns.",aligned to our base text,□與聖人俱兩不相傷也,
60,河上公,Heshang Gong (Han),4,故德交歸焉,"And since the two do no harm to each other, their integrity converges and returns.",aligned to our base text,夫兩不相傷人得治於陽□得治於隂人得全其性命□得保其精神故德交歸焉,
60,王弼,Wang Bi (d. 249 CE),1,治大國若烹小鮮,Governing a large state is like cooking a small fish.,aligned to our base text,不擾也躁則多害静則全真故其國彌大而其主彌静然後乃能廣得衆心矣,
60,王弼,Wang Bi (d. 249 CE),2,以道莅天下其鬼不神,"Oversee the world with the Tao, and the ghosts lose their potency,",aligned to our base text,,
60,王弼,Wang Bi (d. 249 CE),3,非其鬼不神其神不傷人,"not only do ghosts lose their potency, their potency causes no harm to people,",aligned to our base text,神不害自然也物守自然則神無所加神無所加則不知神之為神也,
60,王弼,Wang Bi (d. 249 CE),4,非其神不傷人聖人亦不傷人,"not only does their potency do no harm, the sage, too, does no harm to people.",aligned to our base text,道洽則神不傷人神不傷人則不知神之為神道洽則聖人亦不傷人聖人不傷人則不知聖人之為聖也猶云不知神之為神亦不知聖人之為聖也夫恃威網以使物者治之衰也使不知神聖之為神聖道之極也,
60,王弼,Wang Bi (d. 249 CE),5,夫兩不相傷故徳交歸焉,"And since the two do no harm to each other, their integrity converges and returns.",aligned to our base text,神不傷人聖人亦不傷人聖人不傷人神亦不傷人故曰兩不相傷也神聖合道交歸之也,
60,韓非,Han Fei (d. 233 BCE),1,以道莅天下，其鬼不神。,"Oversee the world with the Tao, and the ghosts lose their potency,",aligned to our base text,,
61,河上公,Heshang Gong (Han),1,大國者下流,"The large state is the downstream flow, the confluence of the world, the female of the world.",aligned to our base text,治大國當如居下流不逆細微,
61,河上公,Heshang Gong (Han),2,天下之交,The female always overcomes the male by stillness.,aligned to our base text,大國天下士民之所交會,
61,河上公,Heshang Gong (Han),3,天下之牝,The female always overcomes the male by stillness.,aligned to our base text,牝者隂□也柔謙和而不昌也牝頻忍反,
61,河上公,Heshang Gong (Han),4,牝常以靜勝牡,By stillness she is underneath.,aligned to our base text,女所以勝屈於男隂勝陽以安盡不先求之也,
61,河上公,Heshang Gong (Han),5,以靜爲下,By stillness she is underneath.,aligned to our base text,隂道以安靜爲謙下,
61,河上公,Heshang Gong (Han),6,故大國以下小國則取小國,"So the large state, by going below the small state, takes the small state.",aligned to our base text,能謙下之則常有之下遐嫁反取七喻反又七愉反,
61,河上公,Heshang Gong (Han),7,小國以下大國則取大國,"The small state, by going below the large state, takes the large state. The large state takes by going low, the small state by staying low.",aligned to our base text,此言國无大小能執謙畜人則无過失也,
61,河上公,Heshang Gong (Han),8,故或下以取或下而取,The large state wants nothing more than to gather and rear people.,aligned to our base text,下者謂大國以下小國小國以下大國更以義相取,
61,河上公,Heshang Gong (Han),9,大國不過欲兼畜人,The small state wants nothing more than to enter and serve people.,aligned to our base text,大國不可失則兼并人國而牧畜之過古和反又古卧反,
61,河上公,Heshang Gong (Han),10,小國不過欲入事人,Both get what they want.,aligned to our base text,使為臣僕,
61,王弼,Wang Bi (d. 249 CE),1,大國者下流,"The large state is the downstream flow, the confluence of the world, the female of the world.",aligned to our base text,江海居大而處下則百川流之大國居大而處下則天下流之故曰大國下流也,
61,王弼,Wang Bi (d. 249 CE),2,天下之交,The female always overcomes the male by stillness.,aligned to our base text,天下所歸㑹也,
61,王弼,Wang Bi (d. 249 CE),3,天下之牝,The female always overcomes the male by stillness.,aligned to our base text,静而不求物自歸之也,
61,王弼,Wang Bi (d. 249 CE),4,牝常以静勝牡以静為下,By stillness she is underneath.,aligned to our base text,以其静故能為下也牝雌也雄躁動貪欲雌常以静故能勝雄也以其静復能為下故物歸之也,
61,王弼,Wang Bi (d. 249 CE),5,故大國以下小國,"So the large state, by going below the small state, takes the small state.",aligned to our base text,大國以下猶云以大國下小國,
61,王弼,Wang Bi (d. 249 CE),6,則取小國,"So the large state, by going below the small state, takes the small state.",aligned to our base text,小國則附之,
61,王弼,Wang Bi (d. 249 CE),7,小國以下大國則取大國,"The small state, by going below the large state, takes the large state. The large state takes by going low, the small state by staying low.",aligned to our base text,大國納之也,
61,王弼,Wang Bi (d. 249 CE),8,故或下以取或下而取,The large state wants nothing more than to gather and rear people.,aligned to our base text,言唯修卑下然後乃各得其所,
62,河上公,Heshang Gong (Han),1,道者萬物之奥,"The Tao is the sanctuary of the countless things, the treasure of those who are masterful,",aligned to our base text,奥藏也道為萬物之藏無所不容也奥於六反又烏報反,
62,河上公,Heshang Gong (Han),2,善人之寳,the safekeeping of those who are not.,aligned to our base text,善人以道為身寳不敢違,
62,河上公,Heshang Gong (Han),3,不善人之所保,the safekeeping of those who are not.,aligned to our base text,道者不善人之保倚也遭患逢急猶自知悔卑下,
62,河上公,Heshang Gong (Han),4,美言可以市,Fine words can buy honor.,aligned to our base text,美言者獨可於市耳夫市交易而退不相宜善言美語求者欲疾得賣者欲疾售也,
62,河上公,Heshang Gong (Han),5,人之不善何棄之有,"Fine conduct can raise a person above others. So when a person is unmasterful, why abandon them?",aligned to our base text,人雖不善當以道化之盖三皇之前無有棄民德化淳也,
62,河上公,Heshang Gong (Han),6,故立天子置三公,"When they raise up a child of the sky and install the three ministers,",aligned to our base text,欲使教化不善之人,
62,河上公,Heshang Gong (Han),7,雖有拱璧以先駟馬不如坐進此道,"though jade discs go before teams of four horses, better to sit where you are and offer this Tao. What made the ancients honor this Tao?",aligned to our base text,雖有美璧先駟馬而至故不如坐進此道拱居勇反先悉薦反,
62,河上公,Heshang Gong (Han),8,有罪以免耶,"commit a crime, and you are spared?",aligned to our base text,有罪謂遭亂世闇君妄行刑誅修道則可以解死免於衆耶也,
62,河上公,Heshang Gong (Han),9,故為天下貴,And so it is the most honored in the world.,aligned to our base text,道德洞逺无不覆済全身治國恬然无為故可為天下貴也,
63,河上公,Heshang Gong (Han),1,為無為,"Do the not-doing, serve the not-serving,",aligned to our base text,因成脩故無所造作,
63,河上公,Heshang Gong (Han),2,事無事,"Do the not-doing, serve the not-serving,",aligned to our base text,豫有備除煩省事也,
63,河上公,Heshang Gong (Han),3,味無味,"Do the not-doing, serve the not-serving,",aligned to our base text,深思逺慮味道意也,
63,河上公,Heshang Gong (Han),4,大小多少,"taste the flavorless. Great or small, many or few,",aligned to our base text,陳其戒令也欲大反小欲多反少自然之道也,
63,河上公,Heshang Gong (Han),5,報怨以德,"taste the flavorless. Great or small, many or few,",aligned to our base text,脩道行善絶禍於未生也,
63,河上公,Heshang Gong (Han),6,圖難於其易,repay resentment with integrity. Map out the difficult while it is easy.,aligned to our base text,欲圖難事當於易時未及成也易以䜴反,
63,河上公,Heshang Gong (Han),7,為大於其細,repay resentment with integrity. Map out the difficult while it is easy.,aligned to our base text,欲為大事必作於小禍亂從小來也,
63,河上公,Heshang Gong (Han),8,天下難事必作於易天下大事必作於細是以聖人終不為大,"Do the great while it is slight. The world's difficult affairs always begin easy. The world's great affairs always begin slight. So the sage never does the great, and so completes their greatness. Promise lightly and you will be little trusted.",aligned to our base text,處謙虚也,
63,河上公,Heshang Gong (Han),9,故能成其大,and so completes their greatness. Promise lightly and you will be little trusted.,aligned to our base text,天下共歸之也,
63,河上公,Heshang Gong (Han),10,夫輕諾必寡信,"Take much to be easy and much will be difficult. So the sage still finds it difficult,",aligned to our base text,不重言也,
63,河上公,Heshang Gong (Han),11,多易必多難,"Take much to be easy and much will be difficult. So the sage still finds it difficult,",aligned to our base text,不愼患也難乃旦反,
63,河上公,Heshang Gong (Han),12,是以聖人猶難之,and in the end has no difficulty.,aligned to our base text,聖人動作舉事猶進退重難之欲塞其源,
63,河上公,Heshang Gong (Han),13,故終無難,and in the end has no difficulty.,aligned to our base text,聖人終身无患難之事猶避害□也,
63,王弼,Wang Bi (d. 249 CE),1,為無為事無事味無味,"Do the not-doing, serve the not-serving,",aligned to our base text,以無為為居以不言為教以恬淡為味治之極也,
63,王弼,Wang Bi (d. 249 CE),2,大小多少報怨以徳,"taste the flavorless. Great or small, many or few,",aligned to our base text,小怨則不足以報大怨則天下之所欲誅順天下之所同者徳也,
63,王弼,Wang Bi (d. 249 CE),3,圖難於其易為大於其細天下難事必作於易天下大事必作於細是以聖人終不為大故能成其大夫輕諾必寡信多易必多難是以聖人猶難之,"repay resentment with integrity. Map out the difficult while it is easy. Do the great while it is slight. The world's difficult affairs always begin easy. The world's great affairs always begin slight. So the sage never does the great, and so completes their greatness. Promise lightly and you will be little trusted. Take much to be easy and much will be difficult. So the sage still finds it difficult, and in the end has no difficulty.",aligned to our base text,以聖人之才猶尚難於細易况非聖人之才而欲忽於此乎故曰猶難之也,
63,王弼,Wang Bi (d. 249 CE),4,故終無難矣,and in the end has no difficulty.,aligned to our base text,,
64,河上公,Heshang Gong (Han),1,其安易持,What is at rest is easy to hold. What shows no sign is easy to plan for.,aligned to our base text,治身治國安靜者易守持也,
64,河上公,Heshang Gong (Han),2,其未兆易謀,What is at rest is easy to hold. What shows no sign is easy to plan for.,aligned to our base text,情欲禍患未有形兆時易謀正也,
64,河上公,Heshang Gong (Han),3,其微易散,What is brittle is easy to shatter. What is faint is easy to scatter.,aligned to our base text,其未彰著微小易散去也,
64,河上公,Heshang Gong (Han),4,為之於未有,Handle it before it exists. Order it before it is chaotic.,aligned to our base text,欲有所為當於未有萌牙之時塞其端也,
64,河上公,Heshang Gong (Han),5,治之於未亂,Handle it before it exists. Order it before it is chaotic.,aligned to our base text,治身治國於未亂之時當豫閉其門也,
64,河上公,Heshang Gong (Han),6,合抱之木生於毫末,The tree the width of both arms is born from a hair's tip.,aligned to our base text,從小成大,
64,河上公,Heshang Gong (Han),7,九層之臺起於累土,The nine-tiered terrace rises from a heap of dirt. The thousand-mile journey begins beneath your feet.,aligned to our base text,從卑至髙,
64,河上公,Heshang Gong (Han),8,千里之行始於足下,Those who handle it ruin it. Those who grasp it lose it.,aligned to our base text,從近至逺,
64,河上公,Heshang Gong (Han),9,為者敗之,"Therefore, the sage does not do, and so ruins nothing,",aligned to our base text,有為於事廢於自然有為於義反於仁有為於色廢於精神也,
64,河上公,Heshang Gong (Han),10,執者失之,"Therefore, the sage does not do, and so ruins nothing,",aligned to our base text,執利遇患執道全身堅持不得推讓反還,
64,河上公,Heshang Gong (Han),11,聖人無為故無敗,"does not grasp, and so loses nothing. People often ruin their affairs just short of completing them.",aligned to our base text,聖人不為華文不為色利不爲殘賊故无壞敗,
64,河上公,Heshang Gong (Han),12,民之從事常於幾成而敗之,"Be as careful at the end as at the beginning, and nothing will be ruined.",aligned to our base text,從為也民人為事常於功德㡬成而貪位好名奢泰盈滿而自敗也,
64,河上公,Heshang Gong (Han),13,愼終如始則無敗事,"Therefore, the sage wants the not-wanting",aligned to our base text,終當如始不當懈怠,
64,河上公,Heshang Gong (Han),14,是以聖人欲不欲,"and does not prize rare goods, learns to unlearn,",aligned to our base text,聖人欲人所不欲人欲彰顯聖人欲伏光人欲文飾聖人欲質朴人欲色聖人欲於德也,
64,河上公,Heshang Gong (Han),15,不貴難得之貨,"and does not prize rare goods, learns to unlearn,",aligned to our base text,聖人不眩為服不賤石而貴玉,
64,河上公,Heshang Gong (Han),16,學不學,"brings the crowd back from where they have gone too far, and supports the countless things in being so of themselves,",aligned to our base text,聖人學人所不能學人學智詐聖人學自然人學治世聖人學治身守道眞也,
64,河上公,Heshang Gong (Han),17,復衆人之所過,"brings the crowd back from where they have gone too far, and supports the countless things in being so of themselves,",aligned to our base text,衆人學問反過本為末過實為華復之者使反本也,
64,河上公,Heshang Gong (Han),18,以輔萬物之自然,and never pushes them.,aligned to our base text,教人反本實者欲以輔助萬物自然之性也,
64,河上公,Heshang Gong (Han),19,而不敢為,and never pushes them.,aligned to our base text,聖人動作因循不敢有所造為恐逺本也,
64,王弼,Wang Bi (d. 249 CE),1,其安易持其未兆易謀,What is at rest is easy to hold. What shows no sign is easy to plan for.,aligned to our base text,以其安不忘危持之不忘亡謀之無功之勢故曰易也,
64,王弼,Wang Bi (d. 249 CE),2,其脆易泮〔案脆釋文云一作膬〕其㣲易散,What is brittle is easy to shatter. What is faint is easy to scatter.,aligned to our base text,雖失無入有以其㣲脆之故未足以興大功故易也此四者皆□慎終也不可以無之故而不持不可以㣲之故而弗散也無而弗持則生有焉㣲而不散則生大焉故慮終之患如始之禍則無敗事,
64,王弼,Wang Bi (d. 249 CE),3,為之於未有,Handle it before it exists. Order it before it is chaotic.,aligned to our base text,謂其安未兆也,
64,王弼,Wang Bi (d. 249 CE),4,治之於未亂,Handle it before it exists. Order it before it is chaotic.,aligned to our base text,謂㣲脆也,
64,王弼,Wang Bi (d. 249 CE),5,合抱之木生於毫末九層之臺起於累土千里之行始於足下為者敗之執者失之,"The tree the width of both arms is born from a hair's tip. The nine-tiered terrace rises from a heap of dirt. The thousand-mile journey begins beneath your feet. Those who handle it ruin it. Those who grasp it lose it. Therefore, the sage does not do, and so ruins nothing,",aligned to our base text,當以慎終除微慎微除亂而以施為治之形名執之反生事原巧辟滋作故敗失也,
64,王弼,Wang Bi (d. 249 CE),6,是以聖人無為故無敗無執故無失民之從事常於幾成而敗之,"does not grasp, and so loses nothing. People often ruin their affairs just short of completing them. Be as careful at the end as at the beginning, and nothing will be ruined.",aligned to our base text,不慎終也,
64,王弼,Wang Bi (d. 249 CE),7,學不學復衆人之所過,"brings the crowd back from where they have gone too far, and supports the countless things in being so of themselves,",aligned to our base text,不學而能者自然也喻於不學者過也故學不學以復衆人之過,
64,王弼,Wang Bi (d. 249 CE),8,以輔萬物之自然而不敢為,and never pushes them.,aligned to our base text,,
65,河上公,Heshang Gong (Han),1,古之善為道者,The ancients who were masterful at the Tao did not use it to make the people clever.,aligned to our base text,治古之善以道治身及治國者,
65,河上公,Heshang Gong (Han),2,非以明民,The ancients who were masterful at the Tao did not use it to make the people clever.,aligned to our base text,不以道敎民明知巧詐也,
65,河上公,Heshang Gong (Han),3,將以愚之,The ancients who were masterful at the Tao did not use it to make the people clever.,aligned to our base text,將以道德教民使朴質不詐偽,
65,河上公,Heshang Gong (Han),4,民之難治以其智多,They used it to return them to being guileless. The people are hard to govern,aligned to our base text,以其智多故為巧偽,
65,河上公,Heshang Gong (Han),5,以智治國國之賊,because they have too much guile. So to govern a state with guile robs the state.,aligned to our base text,使智惠之人治國之政事必逺道德妄作威福為國之賊,
65,河上公,Heshang Gong (Han),6,不以智治國國之福,Not to govern it with guile is the state's good fortune. Knowing these two is itself the pattern.,aligned to our base text,不使智惠之人知國之政事則民守正直不為邪飾上下相親君臣同力故為國之福也,
65,河上公,Heshang Gong (Han),7,玄德深矣逺矣,and only then runs with the great current.,aligned to our base text,玄德之人深不可則逺不可極也,
65,河上公,Heshang Gong (Han),8,與物反矣,and only then runs with the great current.,aligned to our base text,玄德之人與萬物反異萬物欲益已玄徳施與人也,
65,王弼,Wang Bi (d. 249 CE),1,古之善為道者非以明民將以愚之,The ancients who were masterful at the Tao did not use it to make the people clever.,aligned to our base text,明謂多見巧詐蔽其樸也愚謂無知守真順自然也,
65,王弼,Wang Bi (d. 249 CE),2,民之難治以其智多,They used it to return them to being guileless. The people are hard to govern,aligned to our base text,多智巧詐故難治也,
65,王弼,Wang Bi (d. 249 CE),3,故以智治國國之賊,because they have too much guile. So to govern a state with guile robs the state.,aligned to our base text,智猶治也以智而治國所以謂之賊者故謂之智也民之難治以其多智也當務塞兊閉門令無知無欲而以智術動民邪心既動復以巧術防民之偽民知其術防隨而避之思惟密巧奸偽益滋故曰以智治國國之賊也,
65,王弼,Wang Bi (d. 249 CE),4,不以智治國國之福知此兩者亦稽式〔案河上公注本稽作楷下同〕常知稽式是謂𤣥徳𤣥徳深矣逺矣,"Not to govern it with guile is the state's good fortune. Knowing these two is itself the pattern. Always to know the pattern is called profound integrity. Profound integrity is deep, and far, and turns back together with things, and only then runs with the great current.",aligned to our base text,稽同也今古之所同則不可廢能知稽式是謂𤣥徳𤣥徳深矣逺矣,
65,王弼,Wang Bi (d. 249 CE),5,與物反矣,and only then runs with the great current.,aligned to our base text,反其真也,
65,王弼,Wang Bi (d. 249 CE),6,然後乃至大順,and only then runs with the great current.,aligned to our base text,,
66,河上公,Heshang Gong (Han),1,江海所以能為百谷王者以其善下之,Rivers and seas can rule the hundred valleys because they are masterful at staying below them. That is how they come to rule the hundred valleys.,aligned to our base text,江海以卑故衆流歸之若民歸就王下去聲,
66,河上公,Heshang Gong (Han),2,故能為百谷王,That is how they come to rule the hundred valleys.,aligned to our base text,以卑下故能為百谷王也,
66,河上公,Heshang Gong (Han),3,必以言下之,"So to rise above the people, you must speak from below them.",aligned to our base text,法江海處謙虚下去聲,
66,河上公,Heshang Gong (Han),4,欲先民,"To walk ahead of the people, you must put yourself behind.",aligned to our base text,欲在民之前也,
66,河上公,Heshang Gong (Han),5,必以身後之,"To walk ahead of the people, you must put yourself behind.",aligned to our base text,先人而後己也,
66,河上公,Heshang Gong (Han),6,是以聖人處上而民不重,"The sage stands above, and the people are not weighed down, stands in front, and the people are not hindered.",aligned to our base text,聖人在民上為主不以尊貴虛下故民戴而不為重,
66,河上公,Heshang Gong (Han),7,處前而民不害,So the world gladly pushes them forward and never tires of them.,aligned to our base text,聖人在民前不以光明蔽後民親之若父母無有欲害之心也,
66,河上公,Heshang Gong (Han),8,是以天下樂推而不厭,"Because they do not contend,",aligned to our base text,聖人恩深愛厚視民如赤子故天下樂推進以為主無有厭也厭於艷反,
66,河上公,Heshang Gong (Han),9,以其不爭,no one in the world can contend with them.,aligned to our base text,天下無厭聖人時是由聖人不與人爭先後也,
66,河上公,Heshang Gong (Han),10,故天下莫能與之爭,no one in the world can contend with them.,aligned to our base text,言人皆有為無爭與吾爭無為,
66,王弼,Wang Bi (d. 249 CE),1,江海所以能為百谷王者以其善下之故能為百谷王是以欲上民必以言下之欲先民必以身後之是以聖人處上而民不重處前而民不害是以天下樂推而不厭以其不争故天下莫能與之争,"Rivers and seas can rule the hundred valleys because they are masterful at staying below them. That is how they come to rule the hundred valleys. So to rise above the people, you must speak from below them. To walk ahead of the people, you must put yourself behind. The sage stands above, and the people are not weighed down, stands in front, and the people are not hindered. So the world gladly pushes them forward and never tires of them. Because they do not contend, no one in the world can contend with them.",aligned to our base text,,
67,河上公,Heshang Gong (Han),1,夫唯大故似不肖,"If I looked like something, I would long ago have become petty.",aligned to our base text,唯獨名德大者為身害故佯愚似若不肖无所分别無所割截不賤人而自貴,
67,河上公,Heshang Gong (Han),2,若肖久矣,I have three treasures. I hold them and keep them safe. The first is tenderness.,aligned to our base text,肖善也謂辨惠也若大辨惠之人身髙自貴行察察之政所從來久矣,
67,河上公,Heshang Gong (Han),3,其細,I have three treasures. I hold them and keep them safe. The first is tenderness.,aligned to our base text,言辨惠者唯如小人也非長者,
67,河上公,Heshang Gong (Han),4,一曰慈,"The third is never pushing to be first in the world. Tenderness, and so you can be brave.",aligned to our base text,愛百姓若赤子,
67,河上公,Heshang Gong (Han),5,二曰儉,"The third is never pushing to be first in the world. Tenderness, and so you can be brave.",aligned to our base text,賦儉若取之於己也,
67,河上公,Heshang Gong (Han),6,三曰不敢為天下先,"The third is never pushing to be first in the world. Tenderness, and so you can be brave.",aligned to our base text,執謙退不爲倡始也,
67,河上公,Heshang Gong (Han),7,慈故能勇,"Frugality, and so you can reach far.",aligned to our base text,以為仁故能勇於忠孝也,
67,河上公,Heshang Gong (Han),8,儉故能廣,"Never pushing to be first in the world, and so you can become chief of the vessels. Now: to abandon tenderness and grab at courage,",aligned to our base text,天子身能節儉故民日用廣矣,
67,河上公,Heshang Gong (Han),9,不敢為天下先,"The third is never pushing to be first in the world. Tenderness, and so you can be brave.",aligned to our base text,不為天下首先,
67,河上公,Heshang Gong (Han),10,故能成器長,"to abandon frugality and grab at reach,",aligned to our base text,成器長謂得道人也我能為道人之長也長張丈反,
67,河上公,Heshang Gong (Han),11,今捨慈且勇,to abandon the rear and grab at the front. That is death.,aligned to our base text,今世人舎慈仁但為勇武也,
67,河上公,Heshang Gong (Han),12,死矣,to abandon the rear and grab at the front. That is death.,aligned to our base text,所行如此動入死地,
67,河上公,Heshang Gong (Han),13,夫慈以戰則勝以守則固,"Tenderness. Fight with it and you win, defend with it and you hold firm.",aligned to our base text,夫慈仁者百姓親附并心一意故以戰則勝敵以守衛則堅固,
67,河上公,Heshang Gong (Han),14,天將救之以慈衛之,"When nature would rescue someone, it guards them with tenderness.",aligned to our base text,天將救助善人必與慈仁之性使能自當助也,
67,王弼,Wang Bi (d. 249 CE),1,天下皆謂我道大似不肖夫唯大故似不肖若肖久矣其細也夫,"Everyone says I am vast, and look like nothing. Only because I am vast do I look like nothing. If I looked like something, I would long ago have become petty. I have three treasures. I hold them and keep them safe. The first is tenderness.",aligned to our base text,久矣其細猶曰其細久矣肖則失其所以為大矣故曰若肖久矣其細也夫,
67,王弼,Wang Bi (d. 249 CE),2,我有三寳持而保之一曰慈二曰儉三曰不敢為天下先慈故能勇,"The second is frugality. The third is never pushing to be first in the world. Tenderness, and so you can be brave. Frugality, and so you can reach far.",aligned to our base text,夫慈以陳則勝以守則固故能勇也,
67,王弼,Wang Bi (d. 249 CE),3,儉故能廣,"Never pushing to be first in the world, and so you can become chief of the vessels. Now: to abandon tenderness and grab at courage,",aligned to our base text,節儉愛費天下不匱故能廣也,
67,王弼,Wang Bi (d. 249 CE),4,不敢為天下先故能成器長〔案器韓非子作事〕,"to abandon frugality and grab at reach,",aligned to our base text,唯後外其身為物所歸然後乃能立成器為天下利為物之長也,
67,王弼,Wang Bi (d. 249 CE),5,今舍慈且勇,to abandon the rear and grab at the front. That is death.,aligned to our base text,且猶取也,
67,王弼,Wang Bi (d. 249 CE),6,舍儉且廣舍後且先死矣夫慈以戰則勝,"to abandon the rear and grab at the front. That is death. Tenderness. Fight with it and you win, defend with it and you hold firm.",aligned to our base text,相慜而不避於難故勝也,
67,王弼,Wang Bi (d. 249 CE),7,以守則固天將救之以慈衛之,"Tenderness. Fight with it and you win, defend with it and you hold firm. When nature would rescue someone, it guards them with tenderness.",aligned to our base text,,
67,韓非,Han Fei (d. 233 BCE),1,不敢爲天下先。,"The third is never pushing to be first in the world. Tenderness, and so you can be brave.",aligned to our base text,,
68,河上公,Heshang Gong (Han),1,善為士者不武,The master warrior is not martial.,aligned to our base text,言貴道德不好武力,
68,河上公,Heshang Gong (Han),2,善戰者不怒,The master fighter does not rage.,aligned to our base text,善以道戰者禁邪於胷心絶禍於未萌無所誅怒也,
68,河上公,Heshang Gong (Han),3,是謂不爭之德,This is called the integrity of not contending.,aligned to our base text,謂上為之下也是乃不與人爭之道德也,
68,河上公,Heshang Gong (Han),4,是謂用人之力,This is called using people's force.,aligned to our base text,能身為人下是謂用人臣之力,
68,河上公,Heshang Gong (Han),5,是謂配天,"This is called partnered with the sky, the pinnacle of the ancients.",aligned to our base text,能行此者德配天地,
68,河上公,Heshang Gong (Han),6,古之極,"This is called partnered with the sky, the pinnacle of the ancients.",aligned to our base text,是乃古之極要道也,
68,王弼,Wang Bi (d. 249 CE),1,善為士者不武,The master warrior is not martial.,aligned to our base text,士卒之帥也武尚先陵人也,
68,王弼,Wang Bi (d. 249 CE),2,善戰者不怒,The master fighter does not rage.,aligned to our base text,後而不先應而不唱故不在怒,
68,王弼,Wang Bi (d. 249 CE),3,善勝敵者不與,The master of overcoming enemies does not engage them.,aligned to our base text,不與争也,
68,王弼,Wang Bi (d. 249 CE),4,是謂配天古之極,"This is called partnered with the sky, the pinnacle of the ancients.",aligned to our base text,,
69,河上公,Heshang Gong (Han),1,用兵有言,Soldiers have a saying:,aligned to our base text,陳用兵之道老子疾時用兵故託巳設其義也,
69,河上公,Heshang Gong (Han),2,吾不敢為主,I do not push to move first. I move second.,aligned to our base text,主先也不敢先舉兵,
69,河上公,Heshang Gong (Han),3,而為客,I do not push to move first. I move second.,aligned to our base text,客者和而不倡用兵當承天而後動,
69,河上公,Heshang Gong (Han),4,不敢進寸而退尺,I do not push an inch into another's ground. I give up a foot of my own.,aligned to our base text,侵人境界利人財寳為進閉門守城為退,
69,河上公,Heshang Gong (Han),5,是謂行無行,"This is called marching where there are no ranks,",aligned to our base text,彼遂不止為天下賊雖行誅之不行執也無行户剛反,
69,河上公,Heshang Gong (Han),6,攘無臂,"baring an arm where there is no arm,",aligned to our base text,雖欲大怒若無臂可攘也攘若羊反,
69,河上公,Heshang Gong (Han),7,執無兵,gripping where there is no weapon.,aligned to our base text,雖欲執持之若無兵刃可持用也何者傷彼之民罹罪於天遭不道之君愍忍䘮之痛也,
69,河上公,Heshang Gong (Han),8,禍莫大於輕敵,There is no disaster greater than making light of the enemy.,aligned to our base text,夫禍亂之害莫大於欺輕敵家侵取不休輕戰貪財,
69,河上公,Heshang Gong (Han),9,輕敵幾䘮吾寳,Making light of the enemy nearly costs me my treasures.,aligned to our base text,幾近也寳身也欺輕敵者近䘮身也幾音祈音機,
69,河上公,Heshang Gong (Han),10,哀者勝矣,"Therefore, when the armies are evenly matched, the side that grieves wins.",aligned to our base text,哀者慈仁士卒不逺於死,
69,王弼,Wang Bi (d. 249 CE),1,用兵有言吾不敢為主而為客不敢進寸而退尺是謂行無行,"Soldiers have a saying: I do not push to move first. I move second. I do not push an inch into another's ground. I give up a foot of my own. This is called marching where there are no ranks,",aligned to our base text,彼遂不止,
69,王弼,Wang Bi (d. 249 CE),2,攘無臂扔無敵,"baring an arm where there is no arm, hauling where there is no enemy,",aligned to our base text,行謂行陳也言以謙退哀慈不敢為物先用戰猶行無行攘無臂執無兵扔無敵也言無有與之抗也,
69,王弼,Wang Bi (d. 249 CE),3,執無兵禍莫大於輕敵輕敵幾喪吾寳,gripping where there is no weapon. There is no disaster greater than making light of the enemy. Making light of the enemy nearly costs me my treasures.,aligned to our base text,言吾哀慈謙退非欲以取强無敵於天下也不得已而卒至於無敵斯乃吾之所以為大禍也寳三寳也故曰幾亡吾寳,
70,河上公,Heshang Gong (Han),1,吾言甚易知甚易行,"My words are very easy to know, very easy to follow.",aligned to our base text,老子言吾所言省而易知約而易行易並以䜴反,
70,河上公,Heshang Gong (Han),2,天下莫能知莫能行,"In all the world, no one can know them. No one can follow them.",aligned to our base text,人惡柔弱好剛強也,
70,河上公,Heshang Gong (Han),3,言有宗事有君,Words have an ancestor. Affairs have a ruler.,aligned to our base text,我所言有宗祖根本事有君臣天下世人不知者非我之無德不與我反,
70,河上公,Heshang Gong (Han),4,夫唯無知是以不我知,"Only because there is no knowing it, they do not know me.",aligned to our base text,夫惟聖人也是我德之暗不見於外窮極微妙故无知也,
70,河上公,Heshang Gong (Han),5,知我者希則我者貴,Those who know me are few. Those who pattern themselves on me are precious.,aligned to our base text,希少也惟逹道者乃能知我故為貴也,
71,河上公,Heshang Gong (Han),1,知不知上,To know you do not know is highest.,aligned to our base text,知道言不知是乃德之上,
71,河上公,Heshang Gong (Han),2,不知知病,To not know yet claim to know is sickness.,aligned to our base text,不知道言知是乃德之病,
71,河上公,Heshang Gong (Han),3,夫唯病病是以不病,Only when you are sick of the sickness are you not sick.,aligned to our base text,夫唯能病苦衆人有強知之病是以不自病也,
71,河上公,Heshang Gong (Han),4,聖人不病以其病病,The sage is not sick because they are sick of the sickness.,aligned to our base text,聖人無此強知之病者以其常苦衆人有此病,
71,河上公,Heshang Gong (Han),5,是以不病,Only when you are sick of the sickness are you not sick.,aligned to our base text,以此非人也故不自病夫聖人懐通逹之知託於不知者欲使天下質朴忠正各守純性小人不知道意而妄行強知之爭以自顯著内傷精神減壽消年也,
72,河上公,Heshang Gong (Han),1,無厭其所生,Do not crowd people in their homes.,aligned to our base text,人所以生者爲有精神託空虚喜清淨飲食不節忽道念色邪僻滿腹爲伐本厭神厭於艷反,
72,河上公,Heshang Gong (Han),2,夫唯不厭是以不厭,Do not oppress their livelihoods.,aligned to our base text,夫唯獨不厭精神之人洗心濯垢恬泊無欲則精神居之不厭也,
72,河上公,Heshang Gong (Han),3,是以聖人自知,"Only when you do not oppress them will they not tire of you. And so the sage knows themselves and does not display themselves,",aligned to our base text,自知己之得失,
72,河上公,Heshang Gong (Han),4,不自見,"Only when you do not oppress them will they not tire of you. And so the sage knows themselves and does not display themselves,",aligned to our base text,不自顯見德美於外藏之於内見賢遍反,
72,河上公,Heshang Gong (Han),5,自愛,loves themselves and does not hold themselves precious.,aligned to our base text,自愛其身以保精氣也,
72,河上公,Heshang Gong (Han),6,不自貴,loves themselves and does not hold themselves precious.,aligned to our base text,不自貴高榮名於世,
72,河上公,Heshang Gong (Han),7,故去彼取此,They let go of what is out there and take what is here.,aligned to our base text,去彼自見自貴取此自知自愛去羌吕反,
72,王弼,Wang Bi (d. 249 CE),1,民不畏威則大威至無狎其所居無厭其所生,"When the people no longer fear authority, the great collapse comes. Do not crowd people in their homes.",aligned to our base text,清浄無為謂之居謙後不盈謂之生離其清浄行其躁欲棄其謙後任其威權則物擾而民僻威不能復制民民不能堪其威則上下大潰矣天誅將至故曰民不畏威則大威至無狎其所居無厭其所生言威力不可任也,
72,王弼,Wang Bi (d. 249 CE),2,夫唯不厭,Do not oppress their livelihoods.,aligned to our base text,不自厭也,
72,王弼,Wang Bi (d. 249 CE),3,是以不厭,Do not oppress their livelihoods.,aligned to our base text,不自厭是以天下莫之厭,
72,王弼,Wang Bi (d. 249 CE),4,是以聖人自知不自見,"Only when you do not oppress them will they not tire of you. And so the sage knows themselves and does not display themselves,",aligned to our base text,不自見其所知以耀光行威也,
72,王弼,Wang Bi (d. 249 CE),5,自愛不自貴,loves themselves and does not hold themselves precious.,aligned to our base text,自貴則物狎厭居生,
72,王弼,Wang Bi (d. 249 CE),6,故去彼取此,They let go of what is out there and take what is here.,aligned to our base text,,
73,河上公,Heshang Gong (Han),1,勇於敢則殺,Bravery in pushing gets you killed. Bravery in not pushing keeps you alive.,aligned to our base text,勇敢有為即殺身也,
73,河上公,Heshang Gong (Han),2,勇於不敢則活,"Of these two, one benefits and one harms.",aligned to our base text,勇於不敢有為則活其身,
73,河上公,Heshang Gong (Han),3,此兩者,"What nature turns against, who knows why?",aligned to our base text,謂敢與不敢也,
73,河上公,Heshang Gong (Han),4,或利或害,"What nature turns against, who knows why?",aligned to our base text,活身為利殺身為害,
73,河上公,Heshang Gong (Han),5,天之所惡,So the sage still finds it difficult.,aligned to our base text,惡有為也惡烏路反,
73,河上公,Heshang Gong (Han),6,孰知其故,So the sage still finds it difficult.,aligned to our base text,誰能知天意之故而不犯,
73,河上公,Heshang Gong (Han),7,天之道不爭而善勝,"it does not contend, yet is masterful at overcoming. It does not speak, yet is masterful at answering.",aligned to our base text,天不與人爭貴賤而人自畏之,
73,河上公,Heshang Gong (Han),8,不言而善應,"It does not summon, yet things come of themselves.",aligned to our base text,天不言萬物自動應以時,
73,河上公,Heshang Gong (Han),9,不召而自來,"It is unhurried, yet masterful at planning.",aligned to our base text,天不呼召萬物皆負隂而向陽,
73,河上公,Heshang Gong (Han),10,繟然而善謀,Nature's net is vast.,aligned to our base text,繟寛也天道雖寛傅善謀慮人事修善行惡各蒙其報也,
73,河上公,Heshang Gong (Han),11,天網恢恢踈而不失,"Its mesh is wide, and nothing slips through.",aligned to our base text,天所網羅恢恢甚大雖踈逺司察人善惡無有所失,
73,王弼,Wang Bi (d. 249 CE),1,勇於敢則殺,Bravery in pushing gets you killed. Bravery in not pushing keeps you alive.,aligned to our base text,必不得其死也,
73,王弼,Wang Bi (d. 249 CE),2,勇於不敢則活,"Of these two, one benefits and one harms.",aligned to our base text,必齊命也,
73,王弼,Wang Bi (d. 249 CE),3,此兩者或利或害,"What nature turns against, who knows why?",aligned to our base text,俱勇而所施者異利害不同故曰或利或害也,
73,王弼,Wang Bi (d. 249 CE),4,天之道不争而善勝,"it does not contend, yet is masterful at overcoming. It does not speak, yet is masterful at answering.",aligned to our base text,天唯不争故天下莫能與之争,
73,王弼,Wang Bi (d. 249 CE),5,不言而善應,"It does not summon, yet things come of themselves.",aligned to our base text,順則吉逆則凶不言而善應也,
73,王弼,Wang Bi (d. 249 CE),6,不召而自來,"It is unhurried, yet masterful at planning.",aligned to our base text,處下則物自歸,
73,王弼,Wang Bi (d. 249 CE),7,繟然而善謀,Nature's net is vast.,aligned to our base text,垂象而見吉凶先事而設誠安而不忘危未召而謀之故曰繟然而善謀也,
73,王弼,Wang Bi (d. 249 CE),8,天網恢恢疏而不失,"Its mesh is wide, and nothing slips through.",aligned to our base text,,
74,河上公,Heshang Gong (Han),1,民不畏死,"When the people do not fear death, why try to frighten them with death?",aligned to our base text,治國者刑罰酷深民不聊生故不畏死也治身者嗜欲傷神貪財殺身民不知畏之也,
74,河上公,Heshang Gong (Han),2,柰何以死懼之,"When the people do not fear death, why try to frighten them with death?",aligned to our base text,人君不寛刑罰教民去情欲柰何設刑法以死懼之,
74,河上公,Heshang Gong (Han),3,若使民常畏死,"Suppose the people always feared death, and I could seize whoever steps out of line and kill them.",aligned to our base text,當除已之所殘剋教民去利欲也,
74,河上公,Heshang Gong (Han),4,而為竒者吾得執而殺之孰敢,"Suppose the people always feared death, and I could seize whoever steps out of line and kill them.",aligned to our base text,以道教化而民不從反為竒巧乃應王法執而殺之誰敢有犯者老子傷時王不先道德化之而先刑罰,
74,河上公,Heshang Gong (Han),5,常有司殺者,Who would still push? There is always one who does the killing.,aligned to our base text,司殺者天居高臨下司察人過天網恢恢踈而不失也,
74,王弼,Wang Bi (d. 249 CE),1,民不畏死奈何以死懼之若使民常畏死而為竒者吾得執而殺之孰敢,"When the people do not fear death, why try to frighten them with death? Suppose the people always feared death, and I could seize whoever steps out of line and kill them.",aligned to our base text,詭異亂羣謂之竒也,
75,河上公,Heshang Gong (Han),1,民之飢以其上食稅之多,The people go hungry because those over them eat up so much in taxes.,aligned to our base text,人民所以飢深者以其君上稅食下太多,
75,河上公,Heshang Gong (Han),2,是以飢,The people go hungry because those over them eat up so much in taxes.,aligned to our base text,民皆化上為矣叛道違德故飢,
75,河上公,Heshang Gong (Han),3,民之難治以其上之有為,The people are hard to govern because those over them will not stop doing.,aligned to our base text,民之不可治者以其君上多欲好有為也,
75,河上公,Heshang Gong (Han),4,是以難治,The people are hard to govern because those over them will not stop doing.,aligned to our base text,是以其民化上有為情偽難治,
75,河上公,Heshang Gong (Han),5,是以輕死,The people make light of death because those over them want their own lives so rich.,aligned to our base text,以求生太厚之故輕入死地也,
75,河上公,Heshang Gong (Han),6,夫唯無以生為者是賢於貴生,Those who don't use living for doing are worthier than those who hold life precious.,aligned to our base text,夫唯獨無以生為務者爵禄不干於意財利不入於身天子不得臣諸侯不得使則賢於貴生也,
76,河上公,Heshang Gong (Han),1,人之生也柔弱,"In life the body is soft and yielding. In death, hard and strong.",aligned to our base text,人生含和氣抱精神故柔弱也,
76,河上公,Heshang Gong (Han),2,其死也堅強,"In life the body is soft and yielding. In death, hard and strong.",aligned to our base text,人死和氣竭精神亡欲堅強也強其两反舊其良反,
76,河上公,Heshang Gong (Han),3,萬物草木之生也柔脆,"In life the countless things, the grasses and trees, are soft and tender. In death, withered and dry.",aligned to our base text,和氣存也脆七歳反,
76,河上公,Heshang Gong (Han),4,其死也枯槁,"In life the countless things, the grasses and trees, are soft and tender. In death, withered and dry.",aligned to our base text,和氣去也槁苦老反,
76,河上公,Heshang Gong (Han),5,故堅強者死之徒柔弱者生之徒,"So the hard and strong are followers of death. The soft and yielding are followers of life. This is why a strong army does not win,",aligned to our base text,以其上二事觀知之知堅強者死柔弱者生也,
76,河上公,Heshang Gong (Han),6,是以兵強則不勝,and a strong tree snaps. The strong and the big dwell below.,aligned to our base text,強大之兵輕戰樂殺毒流怨結衆弱為一強故不勝,
76,河上公,Heshang Gong (Han),7,強大處下柔弱處上,The soft and the yielding dwell above.,aligned to our base text,興物造功大木處下小物處上大道抑強扶弱自然之效,
76,王弼,Wang Bi (d. 249 CE),1,人之生也柔弱其死也堅强萬物草木之生也柔脆其死也枯槁故堅强者死之徒柔弱者生之徒是以兵强則不勝,"In life the body is soft and yielding. In death, hard and strong. In life the countless things, the grasses and trees, are soft and tender. In death, withered and dry. So the hard and strong are followers of death. The soft and yielding are followers of life. This is why a strong army does not win, and a strong tree snaps. The strong and the big dwell below.",aligned to our base text,强兵以暴於天下者物之所惡也故必不得勝,
76,王弼,Wang Bi (d. 249 CE),2,强大處下,The soft and the yielding dwell above.,aligned to our base text,木之本也,
76,王弼,Wang Bi (d. 249 CE),3,柔弱處上,The soft and the yielding dwell above.,aligned to our base text,枝條是也,
77,河上公,Heshang Gong (Han),1,天之道損有餘而𥙷不足,The way of people is not like this. It takes from those who have too little and offers it up to those who have too much.,aligned to our base text,天道損有餘而益謙常以中和為上,
77,河上公,Heshang Gong (Han),2,人之道則不然,"Who has more than enough, and offers it up to the world?",aligned to our base text,人道則與天道反也,
77,河上公,Heshang Gong (Han),3,損不足以奉有餘,"Who has more than enough, and offers it up to the world?",aligned to our base text,世俗之人損貧以奉富奪弱以益強也,
77,河上公,Heshang Gong (Han),4,孰能有餘以奉天下唯有道者,Only those who are with the Tao. Therefore the sage acts yet relies on nothing.,aligned to our base text,言誰能居有餘之位自省爵禄以奉天下不足者乎唯有道之君能行也,
77,河上公,Heshang Gong (Han),5,是以聖人為而不恃,"The work is done, and they do not stay in it. They have no wish to appear exceptional.",aligned to our base text,聖人為德施不恃其報也,
77,河上公,Heshang Gong (Han),6,功成而不處,"The work is done, and they do not stay in it. They have no wish to appear exceptional.",aligned to our base text,功成事就不處其位,
77,河上公,Heshang Gong (Han),7,其不欲見賢,"The work is done, and they do not stay in it. They have no wish to appear exceptional.",aligned to our base text,不欲使人知己之賢匿功不居榮畏天損有餘也,
77,王弼,Wang Bi (d. 249 CE),1,損不足以奉有餘孰能有餘以奉天下唯有道者是以聖人為而不恃功成而不處其不欲見賢,"Who has more than enough, and offers it up to the world? Only those who are with the Tao. Therefore the sage acts yet relies on nothing. The work is done, and they do not stay in it. They have no wish to appear exceptional.",aligned to our base text,言唯能處盈而全虚損有以□無和光同塵蕩而均者唯其道也是以聖人不欲示其賢以均天下七十八章〔案河上公注本此為任信章〕,
78,河上公,Heshang Gong (Han),1,其無以易之,"The yielding overcomes the strong. The soft overcomes the hard. No one in the world fails to know this,",aligned to our base text,夫攻堅強者無以易於水易入聲,
78,河上公,Heshang Gong (Han),2,弱之勝強,yet no one can follow it. So the sage says:,aligned to our base text,水能滅火隂陽消陽,
78,河上公,Heshang Gong (Han),3,柔之勝剛,yet no one can follow it. So the sage says:,aligned to our base text,舌柔齒剛齒先舌亡,
78,河上公,Heshang Gong (Han),4,天下莫不知,yet no one can follow it. So the sage says:,aligned to our base text,知柔弱者長久剛強者折傷也,
78,河上公,Heshang Gong (Han),5,莫能行,yet no one can follow it. So the sage says:,aligned to our base text,恥謙卑好強梁,
78,河上公,Heshang Gong (Han),6,受國之垢是謂社稷主,whoever takes on the filth of the state is the keeper of the soil and the grain. Whoever takes on the ill omen of the state,aligned to our base text,君能愛國垢濁者若江海不逆小流則能長保其社稷為一國君主也垢古口反,
78,河上公,Heshang Gong (Han),7,受國之不祥是謂天下王,whoever takes on the filth of the state is the keeper of the soil and the grain. Whoever takes on the ill omen of the state,aligned to our base text,君能引過自與代民受不祥之殃則可以王有天下,
78,河上公,Heshang Gong (Han),8,正言若反,is the ruler of the world. Words on the mark seem like their opposite.,aligned to our base text,此乃正直之言世人不知以為反言,
79,河上公,Heshang Gong (Han),1,和大怨,Settle a great grudge and some grudge always remains. How could that count as masterful?,aligned to our base text,殺人者死傷人者刑以相和報,
79,河上公,Heshang Gong (Han),2,必有餘怨,Settle a great grudge and some grudge always remains. How could that count as masterful?,aligned to our base text,任刑者失人情必有怨及於良人也,
79,河上公,Heshang Gong (Han),3,安可以為善,Settle a great grudge and some grudge always remains. How could that count as masterful?,aligned to our base text,言一人吁嗟則失天心安可以和怨為善也,
79,河上公,Heshang Gong (Han),4,是以聖人執左契,So the sage holds their half of the tally and never asks for the other.,aligned to our base text,古者聖人執左契合符信也無文書法律刻契合符以為信也,
79,河上公,Heshang Gong (Han),5,而不責於人,So the sage holds their half of the tally and never asks for the other.,aligned to our base text,但刻契之信不責人以他事也,
79,河上公,Heshang Gong (Han),6,有德司契,Those with integrity keep the tally. Those without integrity keep score.,aligned to our base text,有德之君司察契信而巳,
79,河上公,Heshang Gong (Han),7,無德司徹,Those with integrity keep the tally. Those without integrity keep score.,aligned to our base text,無德之君背其契言司人所失,
79,河上公,Heshang Gong (Han),8,天道無親常與善人,The way of nature plays no favorites. It stays with those who are masterful.,aligned to our base text,天道無有親踈唯與善人則與司契者也,
79,王弼,Wang Bi (d. 249 CE),1,和大怨必有餘怨,Settle a great grudge and some grudge always remains. How could that count as masterful?,aligned to our base text,不明理其契以致大怨已至而徳和之其傷不復故有餘怨也,
79,王弼,Wang Bi (d. 249 CE),2,安可以為善是以聖人執左契,Settle a great grudge and some grudge always remains. How could that count as masterful? So the sage holds their half of the tally and never asks for the other.,aligned to our base text,左契防怨之所由生也,
79,王弼,Wang Bi (d. 249 CE),3,而不責於人有徳司契,So the sage holds their half of the tally and never asks for the other. Those with integrity keep the tally. Those without integrity keep score.,aligned to our base text,有徳之人念思其契不念怨生而後責於人也,
79,王弼,Wang Bi (d. 249 CE),4,無徳司徹,Those with integrity keep the tally. Those without integrity keep score.,aligned to our base text,徹司人之過也,
79,王弼,Wang Bi (d. 249 CE),5,天道無親常與善人,The way of nature plays no favorites. It stays with those who are masterful.,aligned to our base text,,
80,河上公,Heshang Gong (Han),1,小國寡民,"A small state, few people. Let the people have tools that do the work of ten, of a hundred, yet no need to use them. Let the people find death heavy, and not move far away.",aligned to our base text,聖人雖治大國猶以為小儉約不奢泰民雖衆猶若寡少不敢勞之也,
80,河上公,Heshang Gong (Han),2,使有什伯,"A small state, few people. Let the people have tools that do the work of ten, of a hundred, yet no need to use them. Let the people find death heavy, and not move far away.",aligned to our base text,使民各有部曲什伯貴賤不相犯也,
80,河上公,Heshang Gong (Han),3,使民重死,"Though there are boats and carts, there is no call to travel in them. Though there are armor and weapons, there is no call to march them out.",aligned to our base text,君能為民興利除害各得其所則民重死而貪生也,
80,河上公,Heshang Gong (Han),4,而不逺徙,"Though there are boats and carts, there is no call to travel in them. Though there are armor and weapons, there is no call to march them out.",aligned to our base text,政令不煩則安其業故不逺遷徙離其常處,
80,河上公,Heshang Gong (Han),5,雖有舟轝無所乗之,"Let the people go back to keeping their records in knotted cord. They find their food sweet,",aligned to our base text,清静無為不作煩華不好出入游娯也,
80,河上公,Heshang Gong (Han),6,雖有甲兵無所陳之,"Let the people go back to keeping their records in knotted cord. They find their food sweet,",aligned to our base text,無怨惡於天下,
80,河上公,Heshang Gong (Han),7,使民復結繩而用之,"their clothes fine, their houses restful, their ways a pleasure.",aligned to our base text,去文反質信無欺也,
80,河上公,Heshang Gong (Han),8,甘其食,Neighboring states lie within sight of each other. They hear each other's chickens and dogs.,aligned to our base text,甘其蔬食不漁食百姓也,
80,河上公,Heshang Gong (Han),9,安其居,Neighboring states lie within sight of each other. They hear each other's chickens and dogs.,aligned to our base text,安其茅茨不好文飾之屋,
80,河上公,Heshang Gong (Han),10,樂其俗,Neighboring states lie within sight of each other. They hear each other's chickens and dogs.,aligned to our base text,樂其質朴之俗不轉移也樂音洛,
80,王弼,Wang Bi (d. 249 CE),1,小國寡民,"A small state, few people. Let the people have tools that do the work of ten, of a hundred, yet no need to use them. Let the people find death heavy, and not move far away.",aligned to our base text,國既小民又寡尚可使反古况國大民衆乎故舉小國而言也,
80,王弼,Wang Bi (d. 249 CE),2,使有什伯之器而不用〔案什伯下河上公注本及各本俱有人字〕,"A small state, few people. Let the people have tools that do the work of ten, of a hundred, yet no need to use them. Let the people find death heavy, and not move far away.",aligned to our base text,言使民雖有什伯之器而無所用何患不足也,
80,王弼,Wang Bi (d. 249 CE),3,使民重死而不逺徙,"Though there are boats and carts, there is no call to travel in them. Though there are armor and weapons, there is no call to march them out.",aligned to our base text,使民不用惟身是寳不貪貨賂故各安其居重死而不逺徙也,
81,河上公,Heshang Gong (Han),1,信言不美,Trustworthy words are not pretty. Pretty words are not trustworthy. Those who are masterful do not argue.,aligned to our base text,信者如其實不美者朴且質也,
81,河上公,Heshang Gong (Han),2,美言不信,Trustworthy words are not pretty. Pretty words are not trustworthy. Those who are masterful do not argue.,aligned to our base text,滋美之言者孳孳華詞不信者飾偽多空虚也,
81,河上公,Heshang Gong (Han),3,善者不辯,Those who argue are not masterful. Those who know have not heard it all.,aligned to our base text,善者以道修身不綵文也,
81,河上公,Heshang Gong (Han),4,辯者不善,Those who argue are not masterful. Those who know have not heard it all.,aligned to our base text,辯者謂巧言也不善者舌致患也山有玉掘其山水有珠濁其淵辯口多言亡其身,
81,河上公,Heshang Gong (Han),5,知者不博,Those who have heard it all do not know. The sage does not hoard.,aligned to our base text,知者謂知道之士不博者守一元也,
81,河上公,Heshang Gong (Han),6,博者不知,Those who have heard it all do not know. The sage does not hoard.,aligned to our base text,博者多見聞不知者失要真也,
81,河上公,Heshang Gong (Han),7,聖人不積,"Having done for others, they have more. Having given to others, they have more still.",aligned to our base text,聖人積德不積財有德以教愚有財以與貧也,
81,河上公,Heshang Gong (Han),8,既以與人己愈多,"Having done for others, they have more. Having given to others, they have more still.",aligned to our base text,既以財賄布施與人而財益多如日月之光無有盡時也,
81,河上公,Heshang Gong (Han),9,天之道利而不害,The way of nature benefits and does not harm. The way of the sage acts and does not contend.,aligned to our base text,天生萬物愛育之令長大無所傷害也,
81,河上公,Heshang Gong (Han),10,聖人之道為而不爭,The way of nature benefits and does not harm. The way of the sage acts and does not contend.,aligned to our base text,聖人法天所施為化成事就不與下爭功名故能全其聖功也,
81,王弼,Wang Bi (d. 249 CE),1,信言不美,Trustworthy words are not pretty. Pretty words are not trustworthy. Those who are masterful do not argue.,aligned to our base text,實在質也,
81,王弼,Wang Bi (d. 249 CE),2,美言不信,Trustworthy words are not pretty. Pretty words are not trustworthy. Those who are masterful do not argue.,aligned to our base text,本在樸也,
81,王弼,Wang Bi (d. 249 CE),3,善者不辯辯者不善知者不博,Those who argue are not masterful. Those who know have not heard it all. Those who have heard it all do not know. The sage does not hoard.,aligned to our base text,極在一也,
81,王弼,Wang Bi (d. 249 CE),4,博者不知聖人不積,"Those who have heard it all do not know. The sage does not hoard. Having done for others, they have more. Having given to others, they have more still.",aligned to our base text,無私自有唯善是與任物而已,
81,王弼,Wang Bi (d. 249 CE),5,既以為人己愈有,"Having done for others, they have more. Having given to others, they have more still.",aligned to our base text,物所尊也,
81,王弼,Wang Bi (d. 249 CE),6,既以與人己愈多,"Having done for others, they have more. Having given to others, they have more still.",aligned to our base text,物所歸也,
81,王弼,Wang Bi (d. 249 CE),7,天之道利而不害,The way of nature benefits and does not harm. The way of the sage acts and does not contend.,aligned to our base text,動常生成之也,
81,王弼,Wang Bi (d. 249 CE),8,聖人之道為而不争,The way of nature benefits and does not harm. The way of the sage acts and does not contend.,aligned to our base text,順天之利不相傷也,
