chapter,line,block,chinese,pinyin,literal_gloss,our_english,alignment_method
1,1,1,道可道，非常道；,"Dào kě dào, fēi cháng dào;",The Tao that can be spoken is not the eternal Tao;,The Tao that can be spoken is not the ever-present Tao.,exact-count
1,2,1,名可名，非常名。,"míng kě míng, fēi cháng míng.",the name that can be named is not the eternal name.,The name that can be named is not the ever-present name.,exact-count
1,3,1,無名，天地之始；,"Wú míng, tiān dì zhī shǐ;",The nameless is the beginning of heaven and earth;,The nameless is the beginning of sky and earth.,exact-count
1,4,1,有名，萬物之母。,"yǒu míng, wàn wù zhī mǔ.",the named is the mother of all things.,The named is the mother of the countless things.,exact-count
1,5,2,故常無欲，以觀其妙；,"Gù cháng wú yù, yǐ guān qí miào;","Therefore, stay constantly without desire to observe its mysteries;","Ever desireless, observe its subtlety;",exact-count
1,6,2,常有欲，以觀其徼。,"cháng yǒu yù, yǐ guān qí jiào.",stay constantly with desire to observe its manifestations.,"Ever desiring, observe its boundaries.",exact-count
1,7,2,此兩者，同出而異名，,"Cǐ liǎng zhě, tóng chū ér yì míng,",These two emerge together but differ in name;,"These two have the same origin, but differ in name.",exact-count
1,8,2,同謂之玄。,tóng wèi zhī xuán.,both are called profound.,"Together, they are called profound darkness.",exact-count
1,9,2,玄之又玄，眾妙之門。,"Xuán zhī yòu xuán, zhòng miào zhī mén.","Profound and again profound, the gate to all mysteries.","Dark, and dark again, the gate of all subtleties.",exact-count
2,1,1,天下皆知美之為美，斯惡已。,"Tiān xià jiē zhī měi zhī wéi měi, sī è yǐ.","When the world knows beauty as beauty, ugliness arises.","When the world knows beauty as beauty, ugliness arises. / When the world knows good as good, the bad arises.",proportional
2,2,1,皆知善之為善，斯不善已。,"Jiē zhī shàn zhī wéi shàn, sī bù shàn yǐ.","When all know good as good, evil arises.","Therefore presence and absence give birth to each other,",proportional
2,3,1,故有無相生，難易相成，,"Gù yǒu wú xiāng shēng, nán yì xiāng chéng,",Existence and non-existence produce each other; difficulty and ease complete each other;,"Difficult and easy complete each other,",proportional
2,4,1,長短相形，高下相盈，,"cháng duǎn xiāng xíng, gāo xià xiāng yíng,",long and short contrast each other; high and low incline toward each other;,"Long and short measure each other,",proportional
2,5,1,音聲相和，前後相隨。,"yīn shēng xiāng hé, qián hòu xiāng suí.",sound and silence harmonize each other; front and back follow each other.,"High and low depend on each other, / Sound and tone harmonize each other,",proportional
2,6,2,是以聖人處無為之事，,"Shì yǐ shèng rén chǔ wú wéi zhī shì,",Therefore the Sage acts through non-action,Front and back follow each other.,proportional
2,7,2,行不言之教。,xíng bù yán zhī jiào.,and teaches through non-speech.,Therefore the sage dwells in the work of non-doing,proportional
2,8,2,萬物作而弗始，,"Wàn wù zuò ér fú shǐ,",The ten thousand things arise and the Sage does not initiate;,and carries out the teaching without words.,proportional
2,9,2,生而弗有，,"shēng ér fú yǒu,",they are born and the Sage does not possess;,"The countless things arise, and the sage does not begin them. / They are born, and the sage does not possess them.",proportional
2,10,2,為而弗恃，,"wéi ér fú shì,",they act and the Sage does not rely;,"The sage acts, yet relies on nothing.",proportional
2,11,2,功成而弗居。,gōng chéng ér fú jū.,work is accomplished and the Sage takes no credit.,"The work is done, and the sage does not stay in it.",proportional
2,12,2,夫唯弗居，是以不去。,"Fū wéi fú jū, shì yǐ bù qù.","Because the Sage takes no credit, it does not depart.","Because the sage does not stay, it does not leave.",proportional
3,1,1,不尚賢，使民不爭；,"Bù shàng xián, shǐ mín bù zhēng;","Do not exalt the talented, so that people do not contend;","By not exalting the exceptional, the people have no cause to contend.",exact-count
3,2,1,不貴難得之貨，使民不為盜；,"bù guì nán dé zhī huò, shǐ mín bù wéi dào;","do not prize rare goods, so that people do not steal;","By not prizing rare goods, the people do not become thieves.",exact-count
3,3,1,不見可欲，使民心不亂。,"bù jiàn kě yù, shǐ mín xīn bù luàn.","do not show what is desirable, so that people's hearts are not confused.","By not displaying the desirable, the people's hearts are not disturbed.",exact-count
3,4,2,是以聖人之治，,"Shì yǐ shèng rén zhī zhì,","Therefore, the Sage's governance",This is how the sage governs:,exact-count
3,5,2,虛其心，實其腹，,"xū qí xīn, shí qí fù,","empties the heart, fills the stomach,","emptying their hearts and filling their bellies,",exact-count
3,6,2,弱其志，強其骨。,"ruò qí zhì, qiáng qí gǔ.","weakens the ambition, and strengthens the bones.","weakening their ambition and strengthening their bones,",exact-count
3,7,2,常使民無知無欲。,Cháng shǐ mín wú zhī wú yù.,Constantly keep the people without knowledge and desire.,"so the people are ever unknowing, ever desireless,",exact-count
3,8,2,使夫智者不敢為也。,Shǐ fū zhì zhě bù gǎn wéi yě.,Let the clever not dare to act.,and the knowers never push to act.,exact-count
3,9,2,為無為，則無不治。,"Wéi wú wéi, zé wú bù zhì.","Practice non-action, and nothing will not be governed.","Do the not-doing, and nothing is left ungoverned.",exact-count
4,1,0,道沖，而用之或不盈。,"Dào chōng, ér yòng zhī huò bù yíng.","The Tao is empty/hollow \[chong\], and using \[yong\] it, it is never \[huo bu\] full \[ying\].","The Tao is empty, and using it, it never fills.",exact-count
4,2,0,淵兮，似萬物之宗。,"Yuān xī, sì wàn wù zhī zōng.","Abyss-like, it seems to be the ancestor of all things.","Fathomless, it seems to be the ancestor of the countless things.",exact-count
4,3,0,挫其銳，解其紛，,"Cuò qí ruì, jiě qí fēn,","Blunt the sharpness, unravel the complexity,","It blunts the sharpness, untangles the knots,",exact-count
4,4,0,和其光，同其塵。,"hé qí guāng, tóng qí chén.","soften the light, merge with the dust.","dims its own light, merges with the dust.",exact-count
4,5,0,湛兮，似或存。,"Zhàn xī, sì huò cún.","Submerged and calm, it seems to exist.","Submerged, it seems to be here.",exact-count
4,6,0,吾不知誰之子，,"Wú bù zhī shuí zhī zǐ,",I do not know whose child it is;,I do not know whose child it is.,exact-count
4,7,0,象帝之先。,xiàng dì zhī xiān.,it \[xiang\] resembles/seems what precedes \[zhi xian\] Di \[di\] — a god.,It seems older than any god.,exact-count
5,1,1,天地不仁，以萬物為芻狗；,"Tiān dì bù rén, yǐ wàn wù wéi chú gǒu;",Heaven and Earth are not humane; they regard the ten thousand things as straw dogs.,Sky and earth are not concerned with humaneness: they treat the countless things as straw dogs. / The sage is not concerned with humaneness: they treat the people as straw dogs.,proportional
5,2,1,聖人不仁，以百姓為芻狗。,"shèng rén bù rén, yǐ bǎi xìng wéi chú gǒu.",The Sage is not humane; they regard the people as straw dogs.,Isn't the space between sky and earth like a bellows?,proportional
5,3,2,天地之間，其猶橐籥乎？,"Tiān dì zhī jiān, qí yóu tuó yuè hū?","Between Heaven and Earth, is it not like a bellows?","Empty but never depleted, the more it moves, the more it yields.",proportional
5,4,2,虛而不屈，動而愈出。,"Xū ér bù qū, dòng ér yù chū.","Empty yet inexhaustible, the more it moves, the more it brings forth.",Speaking of this is a dead end.,proportional
5,5,2,多言數窮，不如守中。,"Duō yán shù qióng, bù rú shǒu zhōng.","Much speech exhausts itself, better to hold to the center.","Instead, hold the center in silence.",proportional
6,1,0,谷神不死，,"Gǔ shén bù sǐ,","The valley \[gu\] spirit \[shen\] does not \[bu\] die \[si\],",The spirit of the valley is deathless.,proportional
6,2,0,是謂玄牝。,shì wèi xuán pìn.,this \[shi\] is called \[wei\] the dark/mysterious \[xuan\] female \[pin\].,This is the dark female.,proportional
6,3,0,玄牝之門，,"Xuán pìn zhī mén,","The gate/door \[men\] of the dark/mysterious female,",This is the dark female.,proportional-fill
6,4,0,是謂天地根。,shì wèi tiān dì gēn.,this is called the root/base \[gen\] of heaven \[tian\] and earth \[di\].,This dark gateway birthed the sky and the earth.,proportional
6,5,0,綿綿若存，,"Mián mián ruò cún,","Continuous/unbroken \[mian mian\], it seems/appears \[ruo\] to exist \[cun\],","Unceasing yet barely perceptible, it can never be exhausted.",proportional
6,6,0,用之不勤。,yòng zhī bù qín.,"use/deploy \[yong\] it \[zhi\], and it is not exhausted/toilsome \[qin\].","Unceasing yet barely perceptible, it can never be exhausted.",proportional-fill
7,1,1,天長地久。,Tiān cháng dì jiǔ.,"Heaven \[tian\] is long-lasting \[chang\], earth \[di\] is enduring \[jiu\].","The sky is lasting, the earth enduring.",exact-count
7,2,1,天地所以能長且久者，,"Tiān dì suǒ yǐ néng cháng qiě jiǔ zhě,","The reason heaven and earth can \[neng\] be long-lasting and \[qie\] enduring,","Lasting and enduring,",exact-count
7,3,1,以其不自生，,"yǐ qí bù zì shēng,","is because \[yi\] they \[qi\] do not \[bu\] live/generate \[sheng\] for themselves \[zi\],",Sky and earth do not live for themselves.,exact-count
7,4,1,故能長生。,gù néng cháng shēng.,therefore \[gu\] they can live long \[chang sheng\].,They endure without limit.,exact-count
7,5,2,是以聖人後其身而身先，,"Shì yǐ shèng rén hòu qí shēn ér shēn xiān,","Therefore \[shi yi\] the Sage \[sheng ren\] puts behind \[hou\] their \[qi\] body/self \[shen\], yet \[er\] their body comes first/ahead \[xian\],","Placing themselves last, the sage is first;",exact-count
7,6,2,外其身而身存。,wài qí shēn ér shēn cún.,"puts outside \[wai\] their body, yet their body is preserved/exists \[cun\].","unconcerned for themselves, their selves endure.",exact-count
7,7,2,非以其無私邪？,Fēi yǐ qí wú sī xié?,Is it not (fei) because they have no (wu) private self (si — grain held back for oneself)?,Is it not because they have no private self?,exact-count
7,8,2,故能成其私。,gù néng chéng qí sī.,"Therefore they can complete (cheng) their private self (si) — the same character, emptied then fulfilled.",And so their private self is fulfilled.,exact-count
8,1,1,上善若水。,Shàng shàn ruò shuǐ.,The highest/supreme \[shang\] good/excellence \[shan\] is like \[ruo\] water \[shui\].,Supreme goodness is like water.,exact-count
8,2,1,水善利萬物而不爭，,"Shuǐ shàn lì wàn wù ér bù zhēng,","Water is good at benefiting \[li\] the ten thousand things \[wan wu\] and \[er\] does not contend/compete \[zheng\],","Without contending, it nourishes the countless things.",exact-count
8,3,1,處眾人之所惡，,"chǔ zhòng rén zhī suǒ è,","it dwells \[chu\] in places the multitudes \[zhong ren\] dislike/hate \[e\],",It dwells where the crowd will not go.,exact-count
8,4,1,故幾於道。,gù jī yú dào.,therefore \[gu\] it is close/near \[ji\] to the Tao \[dao\].,And is therefore one with the Tao.,exact-count
8,5,2,居善地，,"Jū shàn dì,","In dwelling \[ju\], be good at the place/ground \[di\],","In a dwelling, it is a solid foundation.",exact-count
8,6,2,心善淵，,"xīn shàn yuān,","in mind/heart \[xin\], be good at depth/abyss \[yuan\],","In heart, it is limitless depth.",exact-count
8,7,2,與善仁，,"yǔ shàn rén,","in giving/associating \[yu\], be good at humanity/benevolence \[ren\],","In the act of giving, it is pure kindness.",exact-count
8,8,2,言善信，,"yán shàn xìn,","in speaking/words \[yan\], be good at trustworthiness/reliability \[xin\],","In speech, it is trustworthy.",exact-count
8,9,2,政善治，,"zhèng shàn zhì,","in governing \[zheng\], be good at order/management \[zhi\],","In governing, it is good order.",exact-count
8,10,2,事善能，,"shì shàn néng,","in affairs/tasks \[shi\], be good at ability/competence \[neng\],","In daily affairs, it is skillful.",exact-count
8,11,2,動善時。,dòng shàn shí.,"in moving/action \[dong\], be good at timing \[shi\].","In action, it has good timing.",exact-count
8,12,3,夫唯不爭，,"Fū wéi bù zhēng,","Now only/precisely \[fu wei\] because it does not contend \[zheng\],","Because it doesn’t contend,",exact-count
8,13,3,故無尤。,gù wú yóu.,therefore \[gu\] there is no \[wu\] blame/fault \[you\].,It is always blameless.,exact-count
9,1,1,持而盈之，,"Chí ér yíng zhī,","Holding/grasping \[chi\] and \[er\] filling \[ying\] it \[zhi\],","Filling a vessel, stop before spilling.",proportional
9,2,1,不如其已；,bù rú qí yǐ;,is not as good as \[bu ru\] stopping \[yi\];,"Filling a vessel, stop before spilling.",proportional-fill
9,3,1,揣而銳之，,"chuǎi ér ruì zhī,","hammering/feeling \[chuai\] and sharpening \[rui\] it,",An over-sharpened blade’s edge cannot last.,proportional
9,4,1,不可長保。,bù kě cháng bǎo.,cannot \[bu ke\] be long \[chang\] preserved/guarded \[bao\].,An over-sharpened blade’s edge cannot last.,proportional-fill
9,5,2,金玉滿堂，,"Jīn yù mǎn táng,","Gold \[jin\] and jade \[yu\] filling \[man\] the hall \[tang\],",The hall of gold and jade can’t be guarded.,proportional
9,6,2,莫之能守；,mò zhī néng shǒu;,no one \[mo\] can \[neng\] guard/protect \[shou\] it;,The hall of gold and jade can’t be guarded.,proportional-fill
9,7,2,富貴而驕，,"fù guì ér jiāo,","wealth \[fu\] and high status \[gui\] combined with arrogance \[jiao\],",Those who seek wealth and status with arrogance bring ruin upon themselves.,proportional
9,8,2,自遺其咎。,zì yí qí jiù.,brings upon oneself \[zi yi\] its \[qi\] disaster/blame \[jiu\].,Those who seek wealth and status with arrogance bring ruin upon themselves.,proportional-fill
9,9,3,功遂身退，,"Gōng suì shēn tuì,","Work/merit \[gong\] accomplished/completed \[sui\], the body/self \[shen\] retreats/retires \[tui\],","When the work is done, cease striving. This is the way of nature.",proportional
9,10,3,天之道。,tiān zhī dào.,the Tao/way of Heaven \[tian\].,"When the work is done, cease striving. This is the way of nature.",proportional-fill
10,1,1,載營魄抱一，,"Zài yíng pò bào yī,","Carrying \[zai\] the vital/encampment \[ying\] soul \[po\] and embracing \[bao\] the One \[yi\],","Being embodied and embracing the one, can you remain whole?",proportional
10,2,1,能無離乎？,néng wú lí hū?,can you \[neng\] not \[wu\] depart/separate \[li\]?,"Flowing with life energy and achieving softness, can you be like a newborn?",proportional
10,3,1,專氣致柔，,"Zhuān qì zhì róu,","Concentrating \[zhuan\] the vital breath \[qi\] to reach \[zhi\] suppleness/softness \[rou\],","Flowing with life energy and achieving softness, can you be like a newborn?",proportional-fill
10,4,1,能如嬰兒乎？,néng rú yīng ér hū?,can you be like \[ru\] a newborn infant \[ying er\]?,"Cleaning the dark mirror, can you see what truly is?",proportional
10,5,2,滌除玄覽，,"Dí chú xuán lǎn,","Washing \[di\] and clearing \[chu\] the dark/mysterious \[xuan\] mirror/vision \[lan\],","Governing people with love, can you lead without doing?",proportional
10,6,2,能無疵乎？,néng wú cī hū?,can you be without \[wu\] flaw/blemish \[ci\]?,"Governing people with love, can you lead without doing?",proportional-fill
10,7,2,愛民治國，,"Ài mín zhì guó,","Loving \[ai\] the people \[min\] and governing \[zhi\] the state \[guo\],","As the gate of the sky opens and closes, can you embody the flow of the feminine?",proportional
10,8,2,能無知乎？,néng wú zhī hū?,can you be without cunning/knowledge \[zhi\]?,"With an understanding that spans the four directions, can you be unknowing?",proportional
10,9,3,天門開闔，,"Tiān mén kāi hé,","Heaven's \[tian\] gates \[men\] opening \[kai\] and closing \[he\],","With an understanding that spans the four directions, can you be unknowing?",proportional-fill
10,10,3,能為雌乎？,néng wéi cí hū?,can you play the part of/be \[wei\] the female \[ci\]?,"Birthing and nourishing the countless things,",proportional
10,11,3,明白四達，,"Míng bái sì dá,","Understanding/clarity \[ming bai\] reaching all four directions \[si da\],","Giving birth without possessing,",proportional
10,12,3,能無為乎？,néng wú wéi hū?,can you act without doing/forcing \[wu wei\]?,"Giving birth without possessing,",proportional-fill
10,13,4,生之畜之，,"Shēng zhī xù zhī,","Generating/birthing \[sheng\] them, nourishing/rearing \[xu\] them,","Acting yet relying on nothing,",proportional
10,14,4,生而不有，,"shēng ér bù yǒu,","generating but \[er\] not possessing \[you\],",Leading without mastering –,proportional
10,15,4,為而不恃，,"wéi ér bù shì,","acting/doing \[wei\] but not relying \[shi\],",Leading without mastering –,proportional-fill
10,16,4,長而不宰，,"zhǎng ér bù zǎi,","growing/leading \[zhang\] but not dominating/ruling \[zai\],",This is called profound integrity.,proportional
10,17,4,是謂玄德。,shì wèi xuán dé.,this is called \[shi wei\] dark/mysterious \[xuan\] virtue/power \[de\].,This is called profound integrity.,proportional-fill
11,1,1,三十輻共一轂，,"Sān shí fú gòng yī gǔ,","Thirty \[san shi\] spokes \[fu\] share/unite \[gong\] in one \[yi\] hub \[gu\],",Thirty spokes meet in a single hub.,proportional
11,2,1,當其無，,"dāng qí wú,","just at \[dang\] its \[qi\] nothingness/void \[wu\],","Through the emptiness at its center, the cart can roll.",proportional
11,3,1,有車之用。,yǒu chē zhī yòng.,there is \[you\] the use/utility \[yong\] of the cart/chariot \[che\].,"Through the emptiness it contains,",proportional
11,4,2,埏埴以為器，,"Yán zhí yǐ wéi qì,","Kneading \[yan\] clay \[zhi\] to make/become \[yi wei\] a vessel \[qi\],","Through the emptiness it contains,",proportional-fill
11,5,2,當其無，,"dāng qí wú,","just at its nothingness/void \[wu\],",A clay vessel becomes useful.,proportional
11,6,2,有器之用。,yǒu qì zhī yòng.,there is the use/utility of the vessel \[qi\].,"Through the empty spaces cut into walls,",proportional
11,7,3,鑿戶牖以為室，,"Záo hù yǒu yǐ wéi shì,","Chiseling/cutting \[zao\] doors \[hu\] and windows \[you\] to make a room \[shi\],",A room becomes useful.,proportional
11,8,3,當其無，,"dāng qí wú,","just at its nothingness/void \[wu\],",A room becomes useful.,proportional-fill
11,9,3,有室之用。,yǒu shì zhī yòng.,there is the use/utility of the room \[shi\].,"Therefore, filled space creates potential.",proportional
11,10,4,故有之以為利，,"Gù yǒu zhī yǐ wéi lì,","Therefore \[gu\], presence/having \[you\] it \[zhi\] is used for/provides \[yi wei\] benefit/advantage \[li\],",Empty space makes things useful.,proportional
11,11,4,無之以為用。,wú zhī yǐ wéi yòng.,nothingness/absence \[wu\] of it is used for/provides utility/function \[yong\].,Empty space makes things useful.,proportional-fill
12,1,1,五色令人目盲；,Wǔ sè lìng rén mù máng;,Five \[wu\] colors \[se\] cause/make \[ling\] people's \[ren\] eyes \[mu\] blind \[mang\];,The full spectrum of colors makes the eyes blind.,proportional
12,2,1,五音令人耳聾；,Wǔ yīn lìng rén ěr lóng;,Five \[wu\] tones/notes \[yin\] cause \[ling\] people's \[ren\] ears \[er\] deaf \[long\];,The full spectrum of tones makes the ears deaf.,proportional
12,3,1,五味令人口爽；,Wǔ wèi lìng rén kǒu shuǎng;,Five \[wu\] flavors/tastes \[wei\] cause \[ling\] people's \[ren\] mouths \[kou\] dull/spoiled \[shuang\];,The full spectrum of flavors makes the palate dull.,proportional
12,4,2,馳騁畋獵，,"Chí chěng tián liè,","Galloping/racing \[chi cheng\] and hunting \[tian lie\],",Galloping in pursuit of prey makes the heart wild.,proportional
12,5,2,令人心發狂；,lìng rén xīn fā kuáng;,cause \[ling\] people's \[ren\] minds/hearts \[xin\] to go wild/mad \[fa kuang\];,Galloping in pursuit of prey makes the heart wild.,proportional-fill
12,6,2,難得之貨，,"Nán dé zhī huò,","Hard \[nan\] to obtain \[de\] goods/wealth \[huo\],",Rare goods make actions corrupt.,proportional
12,7,2,令人行妨。,lìng rén xíng fáng.,cause \[ling\] people's \[ren\] actions/conduct \[xing\] to be hindered/harmed \[fang\].,"Therefore the sage acts for the belly, not for the eye.",proportional
12,8,3,是以聖人為腹不為目，,"Shì yǐ shèng rén wèi fù bù wèi mù,","Therefore \[shi yi\] the Sage \[sheng ren\] acts for/provides for \[wei\] the belly/stomach \[fu\] not \[bu\] for \[wei\] the eyes \[mu\],",They let go of what is out there and take what is here.,proportional
12,9,3,故去彼取此。,Gù qù bǐ qǔ cǐ.,Therefore \[gu\] discards/rejects \[qu\] that \[bi\] and takes/chooses \[qu\] this \[ci\].,They let go of what is out there and take what is here.,proportional-fill
13,1,1,寵辱若驚，,"Chǒng rǔ ruò jīng,","Favor/glory \[chong\] and disgrace/humiliation \[ru\] seem like/cause \[ruo\] alarm/startlement \[jing\],",Both favor and disgrace cause alarm.,proportional
13,2,1,貴大患若身。,Guì dà huàn ruò shēn.,Valuing/honoring \[gui\] great \[da\] trouble/disaster \[huan\] is like \[ruo\] the body/self \[shen\].,Value misfortune as your own body.,proportional
13,3,2,何謂寵辱若驚？,Hé wèi chǒng rǔ ruò jīng?,What \[he\] is called/meant by \[wei\] favor and disgrace \[chong ru\] seem like \[ruo\] alarm \[jing\]?,What does it mean that favor and disgrace both cause alarm?,proportional
13,4,2,寵為下，,"Chǒng wéi xià,","Favor \[chong\] functions as/is \[wei\] lower/inferior \[xia\],",What does it mean that favor and disgrace both cause alarm?,proportional-fill
13,5,2,得之若驚，,"Dé zhī ruò jīng,","Obtaining/getting \[de\] it \[zhi\] seems like \[ruo\] alarm \[jing\],",You must stoop to receive favor.,proportional
13,6,2,失之若驚，,"Shī zhī ruò jīng,","Losing \[shi\] it \[zhi\] seems like \[ruo\] alarm \[jing\],",Receiving it causes alarm.,proportional
13,7,2,是謂寵辱若驚。,Shì wèi chǒng rǔ ruò jīng.,This \[shi\] is called \[wei\] favor and disgrace seem like alarm \[chong ru ruo jing\].,Losing it also causes alarm.,proportional
13,8,3,何謂貴大患若身？,Hé wèi guì dà huàn ruò shēn?,What \[he\] is called \[wei\] valuing great trouble \[gui da huan\] like \[ruo\] the body \[shen\]?,Losing it also causes alarm.,proportional-fill
13,9,3,吾所以有大患者，,"Wú suǒ yǐ yǒu dà huàn zhě,","The reason I \[wu suo yi\] have \[you\] great trouble \[da huan\] is \[zhe\],",This is why favor and disgrace both cause alarm.,proportional
13,10,3,為吾有身，,"Wèi wú yǒu shēn,","Because \[wei\] I \[wu\] have \[you\] a body/self \[shen\],",What does it mean to value misfortune as your own body?,proportional
13,11,3,及吾無身，,"Jí wú wú shēn,","When/if \[ji\] I \[wu\] have no \[wu\] body/self \[shen\],",I only experience misfortune because I have a body.,proportional
13,12,3,吾有何患？,Wú yǒu hé huàn?,What \[he\] trouble \[huan\] do I \[wu\] have \[you\]?,I only experience misfortune because I have a body.,proportional-fill
13,13,4,故貴以身為天下，,"Gù guì yǐ shēn wéi tiān xià,","Therefore \[gu\] one who values \[gui\] using \[yi\] their body \[shen\] to serve/act for \[wei\] the world \[tian xia\],","When the separate self dissolves, what troubles could I have?",proportional
13,14,4,若可寄天下；,Ruò kě jì tiān xià;,Seems \[ruo\] they can \[ke\] be entrusted \[ji\] with the world \[tian xia\];,"Therefore, one who values the world as their body can be entrusted with the world.",proportional
13,15,4,愛以身為天下，,"Ài yǐ shēn wéi tiān xià,","One who loves \[ai\] using \[yi\] their body \[shen\] to serve/act for \[wei\] the world \[tian xia\],",One who loves the whole world as their own body can truly care for it.,proportional
13,16,4,若可託天下。,Ruò kě tuō tiān xià.,Seems \[ruo\] they can \[ke\] be relied upon/entrusted \[tuo\] with the world \[tian xia\].,One who loves the whole world as their own body can truly care for it.,proportional-fill
14,1,1,視之不見，,"Shì zhī bù jiàn,","Looking at \[shi\] it \[zhi\] but not \[bu\] seeing \[jian\],","Look, but you cannot see it – its name is the invisible.",proportional
14,2,1,名曰夷；,míng yuē yí;,its name \[ming\] is called \[yue\] invisible/colorless \[yi\];,"Listen, but you cannot hear it – its name is the inaudible.",proportional
14,3,1,聽之不聞，,"Tīng zhī bù wén,","Listening to \[ting\] it \[zhi\] but not \[bu\] hearing \[wen\],","Reach, but you cannot grasp it – its name is the intangible.",proportional
14,4,1,名曰希；,míng yuē xī;,its name \[ming\] is called \[yue\] inaudible/soundless \[xi\];,These three defy comprehension.,proportional
14,5,1,搏之不得，,"Bó zhī bù dé,","Grasping/reaching for \[bo\] it \[zhi\] but not \[bu\] getting/obtaining \[de\],",These three defy comprehension.,proportional-fill
14,6,1,名曰微。,míng yuē wēi.,its name \[ming\] is called \[yue\] intangible/formless \[wei\].,"Therefore, they blend into one.",proportional
14,7,2,此三者不可致詰，,"Cǐ sān zhě bù kě zhì jié,","These \[ci\] three \[san\] things \[zhe\] cannot \[bu ke\] be fully probed/investigated \[zhi jie\],","It doesn’t have a bright top,",proportional
14,8,2,故混而為一。,Gù hùn ér wéi yī.,Therefore \[gu\] they blend/merge \[hun\] and \[er\] become \[wei\] one \[yi\].,Or a dark bottom.,proportional
14,9,3,其上不皦，,"Qí shàng bù jiǎo,","Its \[qi\] upper part/top \[shang\] is not \[bu\] bright/dazzling \[jiao\],",Or a dark bottom.,proportional-fill
14,10,3,其下不昧。,Qí xià bù mèi.,Its \[qi\] lower part/bottom \[xia\] is not \[bu\] dark/obscure \[mei\].,"Continuously flowing, it cannot be named",proportional
14,11,3,繩繩兮不可名，,"Shéng shéng xī bù kě míng,","Continuous/unbroken \[sheng sheng\] oh \[xi\]\! It cannot \[bu ke\] be named \[ming\],",And returns to no-thing.,proportional
14,12,3,復歸於無物。,Fù guī yú wú wù.,It reverts/returns \[fu gui\] to \[yu\] nothingness/non-entity \[wu wu\].,"This is the shape of no-shape, the image of no-thing.",proportional
14,13,4,是謂無狀之狀，,"Shì wèi wú zhuàng zhī zhuàng,","This \[shi\] is called \[wei\] the shape/form \[zhuang\] of no \[wu\] shape/form \[zhuang\],","This is the shape of no-shape, the image of no-thing.",proportional-fill
14,14,4,無物之象，,"Wú wù zhī xiàng,","The image/representation \[xiang\] of no \[wu\] entity/matter \[wu\],",This is called the elusive.,proportional
14,15,4,是謂惚恍。,Shì wèi hū huǎng.,This \[shi\] is called \[wei\] elusive and evasive/indistinct \[hu huang\].,"Meet it, and you cannot see its face,",proportional
14,16,5,迎之不見其首，,"Yíng zhī bù jiàn qí shǒu,","Meeting/welcoming \[ying\] it \[zhi\] you do not \[bu\] see \[jian\] its \[qi\] head/front \[shou\],","Follow it, and you cannot see its back.",proportional
14,17,5,隨之不見其後。,Suí zhī bù jiàn qí hòu.,Following \[sui\] it \[zhi\] you do not \[bu\] see \[jian\] its \[qi\] back/rear \[hou\].,"Follow it, and you cannot see its back.",proportional-fill
14,18,6,執古之道，,"Zhí gǔ zhī dào,","Grasping/holding \[zhi\] the ancient \[gu\] Tao \[dao\],","Hold the ancient Tao, and steer what is present now.",proportional
14,19,6,以御今之有。,Yǐ yù jīn zhī yǒu.,In order to \[yi\] manage/control \[yu\] present/current \[jin\] existence/presence \[you\].,"Know the primordial source,",proportional
14,20,6,能知古始，,"Néng zhī gǔ shǐ,","Being able to \[neng\] know \[zhi\] the ancient \[gu\] beginnings/origins \[shi\],",The thread of the Tao.,proportional
14,21,6,是謂道紀。,Shì wèi dào jì.,This \[shi\] is called \[wei\] the thread/discipline of the Tao \[dao ji\].,The thread of the Tao.,proportional-fill
15,1,1,古之善為士者，,"Gǔ zhī shàn wéi shì zhě,","The ancient \[gu\] ones who were masterful \[shan\] at being \[wei\] scholars/officers \[shi\],",The ancient masters,proportional
15,2,1,微妙玄通，,"Wēi miào xuán tōng,","Were microscopic/subtle \[wei\], highly-optimized/marvelous \[miao\], dark/profound \[xuan\], and penetrating/connected \[tong\],",Were subtle-fine and dark-penetrating —,proportional
15,3,1,深不可識。,Shēn bù kě shí.,So deep \[shen\] they could not \[bu ke\] be known/understood \[shi\].,Too deep to be fathomed.,proportional
15,4,2,夫唯不可識，,"Fū wéi bù kě shí,","Now precisely because \[fu wei\] they could not \[bu ke\] be known \[shi\],","Because they cannot be known, I can only force a description:",proportional
15,5,2,故強為之容：,Gù qiǎng wèi zhī róng:,Therefore \[gu\] I force/compel \[qiang\] a description/appearance \[rong\] for \[wei\] them \[zhi\]:,"Careful, like crossing a frozen river.",proportional
15,6,2,豫兮若冬涉川；,Yù xī ruò dōng shè chuān;,Hesitant/careful \[yu\] oh \[xi\]\! Like \[ruo\] crossing \[she\] a river \[chuan\] in winter \[dong\];,"Hesitant, as if wary of neighbors on four sides.",proportional
15,7,2,猶兮若畏四鄰；,Yóu xī ruò wèi sì lín;,Cautious/watchful \[you\] oh \[xi\]\! Like \[ruo\] fearing \[wei\] neighbors on all four sides \[si lin\];,"Dignified, like a guest.",proportional
15,8,2,儼兮其若客；,Yǎn xī qí ruò kè;,Reserved/dignified \[yan\] oh \[xi\]\! Like \[ruo\] a guest \[ke\];,"Yielding, like melting ice.",proportional
15,9,2,渙兮其若冰之將釋；,Huàn xī qí ruò bīng zhī jiāng shì;,Yielding/melting \[huan\] oh \[xi\]\! Like \[ruo\] ice \[bing\] that is about to \[jiang\] melt/thaw \[shi\];,"Sturdy, like uncarved wood.",proportional
15,10,2,敦兮其若樸；,Dūn xī qí ruò pǔ;,Solid/genuine \[dun\] oh \[xi\]\! Like \[ruo\] the uncarved wood \[pu\];,"Expansive, like a valley.",proportional
15,11,2,曠兮其若谷；,Kuàng xī qí ruò gǔ;,Broad/expansive \[kuang\] oh \[xi\]\! Like \[ruo\] a valley \[gu\];,"Mixed, like muddy water.",proportional
15,12,2,混兮其若濁。,Hùn xī qí ruò zhuó.,Blended/undifferentiated \[hun\] oh \[xi\]\! Like \[ruo\] murky/muddy water \[zhuo\].,"Who can be like muddy water, then sit and gradually become clear?",proportional
15,13,3,孰能濁以靜之徐清？,Shú néng zhuó yǐ jìng zhī xú qīng?,Who \[shu\] can \[neng\] take the murky \[zhuo\] and by \[yi\] stilling \[jing\] it \[zhi\] slowly \[xu\] make it clear \[qing\]?,"Who can be still, then move in ways that gradually stir life?",proportional
15,14,3,孰能安以動之徐生？,Shú néng ān yǐ dòng zhī xú shēng?,Who \[shu\] can \[neng\] take the calm/at rest \[an\] and by \[yi\] moving/stirring \[dong\] it \[zhi\] slowly \[xu\] bring it to life/generate \[sheng\]?,One who holds the Tao has no desire to be full.,proportional
15,15,4,保此道者不欲盈。,Bǎo cǐ dào zhě bù yù yíng.,Those who guard/preserve \[bao\] this \[ci\] Tao \[dao\] do not \[bu\] desire \[yu\] to be full/overflowing \[ying\].,"Because they don’t seek to become full,",proportional
15,16,4,夫唯不盈，,"Fū wéi bù yíng,","Now precisely because \[fu wei\] they are not \[bu\] full \[ying\],","They can become weathered, and have no interest in appearing new.",proportional
15,17,4,故能蔽而不新成。,Gù néng bì ér bù xīn chéng.,Therefore \[gu\] they can \[neng\] be worn out/concealed \[bi\] and \[er\] not \[bu\] newly \[xin\] compiled/completed \[cheng\].,"They can become weathered, and have no interest in appearing new.",proportional-fill
16,1,1,致虛極，,"Zhì xū jí,","Reach/attain \[zhi\] the extreme/limit \[ji\] of emptiness/void \[xu\],",Attain emptiness.,proportional
16,2,1,守靜篤。,Shǒu jìng dǔ.,Guard/hold \[shou\] stillness/tranquility \[jing\] firmly/sincerely \[du\].,Embrace stillness.,proportional
16,3,2,萬物並作，,"Wàn wù bìng zuò,","The ten thousand \[wan\] things/entities \[wu\] simultaneously \[bing\] arise/act \[zuo\],","The countless things arise together,",proportional
16,4,2,吾以觀復。,Wú yǐ guān fù.,I \[wu\] thereby \[yi\] observe \[guan\] their return/reversion \[fu\].,"Relying upon this, I observe their return.",proportional
16,5,3,夫物芸芸，,"Fū wù yún yún,","Now these entities \[wu\], flourishing and swarming \[yun yun\],","Multitudes flourish,",proportional
16,6,3,各復歸其根。,Gè fù guī qí gēn.,Each \[ge\] reverts and returns \[fu gui\] to its \[qi\] root \[gen\].,Each returns energy to its root.,proportional
16,7,3,歸根曰靜，,"Guī gēn yuē jìng,","Returning to the root \[gui gen\] is called \[yue\] stillness \[jing\],",Returning to the root is called stillness.,proportional
16,8,3,是謂復命。,Shì wèi fù mìng.,This \[shi\] is called \[wei\] returning to/restoring \[fu\] destiny/the system's command \[ming\].,This is called returning to what was given.,proportional
16,9,3,復命曰常，,"Fù mìng yuē cháng,","Restoring destiny \[fu ming\] is called \[yue\] the constant/eternal \[chang\],",Returning to what was given is called the ever-present.,proportional
16,10,3,知常曰明。,Zhī cháng yuē míng.,Knowing \[zhi\] the constant \[chang\] is called \[yue\] illumination/clarity \[ming\].,Knowing the ever-present is called clear-seeing.,proportional
16,11,4,不知常，,"Bù zhī cháng,","Not \[bu\] knowing \[zhi\] the constant \[chang\],",Not knowing the ever-present brings reckless action and disaster.,proportional
16,12,4,妄作凶。,Wàng zuò xiōng.,Recklessly \[wang\] acting/doing \[zuo\] leads to disaster/ill omen \[xiong\].,Knowing the ever-present creates the capacity to embrace the totality.,proportional
16,13,4,知常容，,"Zhī cháng róng,","Knowing \[zhi\] the constant \[chang\] brings capacity/tolerance \[rong\],",Embracing all leads to impartiality.,proportional
16,14,4,容乃公，,"Róng nǎi gōng,","Capacity \[rong\] then leads to \[nai\] impartiality/public \[gong\],",Impartiality leads to sovereignty.,proportional
16,15,4,公乃王，,"Gōng nǎi wáng,","Impartiality \[gong\] then leads to \[nai\] the Avatar/King \[wang\],",Sovereignty leads to the open sky.,proportional
16,16,4,王乃天，,"Wáng nǎi tiān,","The Avatar/King \[wang\] then leads to \[nai\] Heaven \[tian\],",The open sky leads to the Tao.,proportional
16,17,4,天乃道，,"Tiān nǎi dào,","Heaven \[tian\] then leads to \[nai\] the Tao \[dao\],",The Tao leads to the enduring.,proportional
16,18,4,道乃久，,"Dào nǎi jiǔ,","The Tao \[dao\] then leads to \[nai\] endurance/longevity \[jiu\],","and to the end of your days, no danger will find you.",proportional
16,19,4,没身不殆。,Mò shēn bù dài.,To the end of one's life/body \[mo shen\] there is no \[bu\] danger/exhaustion \[dai\].,"and to the end of your days, no danger will find you.",proportional-fill
17,1,1,太上，下知有之；,"Tài shàng, xià zhī yǒu zhī;","Highest/supreme \[tai shang\], those below \[xia\] know \[zhi\] of its existence \[you zhi\];","About the greatest leaders, little is known.",exact-count
17,2,1,其次，親而譽之；,"Qí cì, qīn ér yù zhī;","The next \[qi ci\], love/are close to \[qin\] and \[er\] praise \[yu\] them \[zhi\];",Good leaders are widely loved and praised.,exact-count
17,3,1,其次，畏之；,"Qí cì, wèi zhī;","The next \[qi ci\], fear \[wei\] them \[zhi\];",Poor leaders are feared.,exact-count
17,4,1,其次，侮之。,"Qí cì, wǔ zhī.","The next \[qi ci\], despise/insult \[wu\] them \[zhi\].",The worst leaders are despised by all.,exact-count
17,5,2,信不足焉，有不信焉。,"Xìn bù zú yān, yǒu bù xìn yān.","Trust/reliability \[xin\] is not \[bu\] sufficient \[zu\] here \[yan\], there is \[you\] no \[bu\] trust/reliability \[xin\] here \[yan\].","Where trust runs short, there is no trust.",exact-count
17,6,3,悠兮其貴言。,Yōu xī qí guì yán.,Distant/careful \[you\] oh \[xi\] their \[qi\] valuing/sparing \[gui\] of words \[yan\].,The greatest leaders speak sparingly.,exact-count
17,7,3,功成事遂，,"Gōng chéng shì suì,","Work/merit \[gong\] completed \[cheng\], affairs/tasks \[shi\] accomplished \[sui\],","When their work is done,",exact-count
17,8,3,百姓皆謂：「我自然」。,"Bǎi xìng jiē wèi: ""Wǒ zì rán"".","The hundred \[bai\] surnames/people \[xing\] all \[jie\] say \[wei\]: ""We \[wo\] are naturally so/spontaneous \[zi ran\]"".","The people all say, “We did this by ourselves.”",exact-count
18,1,0,大道廢，有仁義；,"Dà dào fèi, yǒu rén yì;","The Great \[da\] Tao \[dao\] is abandoned/abolished \[fei\], there is \[you\] benevolence \[ren\] and righteousness \[yi\];","When the great Tao is discarded, humaneness and duty appear.",exact-count
18,2,0,智慧出，有大偽；,"Zhì huì chū, yǒu dà wěi;","Wisdom/cleverness \[zhi\] and intelligence \[hui\] emerge \[chu\], there is \[you\] great \[da\] hypocrisy/falseness \[wei\];","When cleverness and erudition arise, great hypocrisy appears.",exact-count
18,3,0,六親不和，有孝慈；,"Liù qīn bù hé, yǒu xiào cí;","The six \[liu\] relations/kin \[qin\] are not \[bu\] harmonious \[he\], there is \[you\] filial piety \[xiao\] and deep love/compassion \[ci\];","When kin are out of harmony, devotion and tenderness appear.",exact-count
18,4,0,國家昏亂，有忠臣。,"Guó jiā hūn luàn, yǒu zhōng chén.","The state \[guo\] and family/nation \[jia\] are dark/chaotic \[hun luan\], there are \[you\] loyal \[zhong\] ministers/officials \[chen\].","When nations fall into chaos, loyal ministers appear.",exact-count
19,1,1,絕聖棄智，民利百倍；,"Jué shèng qì zhì, mín lì bǎi bèi;","Sever/cut off \[jue\] sageliness \[sheng\], abandon/discard \[qi\] wisdom/cleverness \[zhi\], the people \[min\] benefit \[li\] a hundred \[bai\] fold \[bei\];","Cut off sagehood, abandon cleverness, and the people benefit a hundredfold.",exact-count
19,2,1,絕仁棄義，民復孝慈；,"Jué rén qì yì, mín fù xiào cí;","Sever \[jue\] benevolence \[ren\], abandon \[qi\] righteousness \[yi\], the people \[min\] revert/return \[fu\] to filial piety \[xiao\] and deep love \[ci\];","Cut off humaneness, abandon duty, and the people return to devotion and tenderness.",exact-count
19,3,1,絕巧棄利，盜賊無有。,"Jué qiǎo qì lì, dào zéi wú yǒu.","Sever \[jue\] skill/cunning \[qiao\], abandon \[qi\] profit/gain \[li\], thieves \[dao\] and robbers \[zei\] will not exist \[wu you\].","Cut off cunning, abandon profit, and there are no thieves.",exact-count
19,4,2,此三者以為文不足，,"Cǐ sān zhě yǐ wéi wén bù zú,","These \[ci\] three \[san\] things \[zhe\] used as \[yi wei\] culture/adornment \[wen\] are not \[bu\] sufficient \[zu\],","These three, taken as cultural form, are not enough.",exact-count
19,5,2,故令有所屬：,Gù lìng yǒu suǒ shǔ:,Therefore \[gu\] cause/make \[ling\] them have \[you\] a place to belong/attach \[suo shu\]:,So give them something to belong to:,exact-count
19,6,2,見素抱樸，,"Jiàn sù bào pǔ,","Look at/display \[jian\] plainness/raw silk \[su\], embrace \[bao\] the uncarved wood \[pu\],","see the undyed silk, embrace the uncarved wood,",exact-count
19,7,2,少私寡欲。,Shǎo sī guǎ yù.,"Lessen/reduce \[shao\] selfishness/private interest \[si\], diminish \[gua\] desires \[yu\].","diminish the self, diminish desire.",exact-count
20,1,1,絕學無憂。,Jué xué wú yōu.,"Sever/cut off \[jue\] study/learning \[xue\], have no \[wu\] sorrow/worries \[you\].",Cut off learning and there is no worry.,proportional
20,2,1,唯之與阿，相去幾何？,"Wéi zhī yǔ ē, xiāng qù jǐ hé?","Agreement/yes \[wei\] and \[yu\] flattery/yeah \[e\], how much \[ji he\] is the distance/difference \[xiang qu\]?","Between a respectful yes and a careless yeah,",proportional
20,3,1,善之與惡，相去若何？,"Shàn zhī yǔ è, xiāng qù ruò hé?","Good \[shan\] and \[yu\] evil/bad \[e\], what is \[ruo he\] the distance/difference \[xiang qu\]?",how much distance?,proportional
20,4,1,人之所畏，不可不畏。,"Rén zhī suǒ wèi, bù kě bù wèi.","What \[suo\] people \[ren\] fear \[wei\], one cannot \[bu ke\] not \[bu\] fear \[wei\].","Between good and bad,",proportional
20,5,1,荒兮，其未央哉！,"Huāng xī, qí wèi yāng zāi\!","Vast/wild \[huang\] oh \[xi\], it \[qi\] has not yet \[wei\] reached the center/end \[yang\] alas \[zai\]\!",how far apart?,proportional
20,6,2,眾人熙熙，,"Zhòng rén xī xī,","The multitudes/masses \[zhong ren\] are merry/joyful \[xi xi\],",What people fear must be feared.,proportional
20,7,2,如享太牢，,"rú xiǎng tài láo,","Like \[ru\] enjoying a great sacrifice/feast \[xiang tai lao\],","How wild it is, and without end!",proportional
20,8,2,如春登臺。,rú chūn dēng tái.,Like \[ru\] climbing a terrace/tower \[deng tai\] in spring \[chun\].,"The crowd is merry, as if at a great feast,",proportional
20,9,2,我獨泊兮，其未兆；,"Wǒ dú bó xī, qí wèi zhào;","I \[wo\] alone \[du\] am anchored/still \[bo\] oh \[xi\], as if not yet \[wei\] showing signs/omens \[zhao\];",as if climbing a terrace in spring.,proportional
20,10,2,如嬰兒之未孩；,rú yīng ér zhī wèi hái;,Like \[ru\] an infant \[ying er\] who has not yet \[wei\] smiled/giggled \[hai\];,"I alone am moored, and show no sign,",proportional
20,11,2,傫傫兮，若無所歸。,"Lěi lěi xī, ruò wú suǒ guī.","Tired/listless \[lei lei\] oh \[xi\], as if \[ruo\] having nowhere \[wu suo\] to return \[gui\].","like an infant who has not yet learned to smile,",proportional
20,12,3,眾人皆有餘，,"Zhòng rén jiē yǒu yú,","The multitudes \[zhong ren\] all \[jie\] have excess/surplus \[you yu\],","listless, as if with nowhere to return.",proportional
20,13,3,而我獨若遺。,ér wǒ dú ruò yí.,Yet \[er\] I \[wo\] alone \[du\] seem \[ruo\] to be left behind/lacking \[yi\].,The crowd all have more than enough.,proportional
20,14,3,我愚人之心也哉！,Wǒ yú rén zhī xīn yě zāi\!,My \[wo\] mind/heart \[xin\] is that of a fool \[yu ren\] alas \[ye zai\]\!,I alone seem to have missed out.,proportional
20,15,3,沌沌兮！,Dùn dùn xī\!,Muddled/confused \[dun dun\] oh \[xi\]\!,I have the heart of a fool!,proportional
20,16,3,俗人昭昭，,"Sú rén zhāo zhāo,","Ordinary/vulgar people \[su ren\] are clear/bright \[zhao zhao\],",How muddled!,proportional
20,17,3,我獨昏昏。,wǒ dú hūn hūn.,I \[wo\] alone \[du\] am dark/murky \[hun hun\].,The worldly are bright. I alone am dark.,proportional
20,18,3,俗人察察，,"Sú rén chá chá,","Ordinary people \[su ren\] are sharp/discriminating \[cha cha\],",The worldly are sharp. I alone am dull.,proportional
20,19,3,我獨悶悶。,wǒ dú mèn mèn.,I \[wo\] alone \[du\] am dull/depressed \[men men\].,"Calm, like the sea.",proportional
20,20,4,澹兮，其若海；,"Dàn xī, qí ruò hǎi;","Tranquil/drifting \[dan\] oh \[xi\], like \[ruo\] the sea \[hai\];","Blown along, as if never stopping.",proportional
20,21,4,飂兮，若無止。,"Liào xī, ruò wú zhǐ.","Blown by the wind \[liao\] oh \[xi\], as if \[ruo\] having no \[wu\] stopping point \[zhi\].",The crowd all have something to use themselves for.,proportional
20,22,4,眾人皆有以，,"Zhòng rén jiē yǒu yǐ,","The multitudes \[zhong ren\] all \[jie\] have \[you\] a purpose/use \[yi\],","I alone am stubborn, and look coarse.",proportional
20,23,4,而我獨頑似鄙。,ér wǒ dú wán sì bǐ.,Yet \[er\] I \[wo\] alone \[du\] am stubborn \[wan\] and seem \[si\] rustic/uncouth \[bi\].,I alone differ from others:,proportional
20,24,4,我獨異於人，,"Wǒ dú yì yú rén,","I \[wo\] alone \[du\] am different \[yi\] from \[yu\] others \[ren\],",I prize feeding from the mother.,proportional
20,25,4,而貴食母。,ér guì shí mǔ.,And \[er\] I value/prize \[gui\] feeding/eating \[shi\] from the mother \[mu\].,I prize feeding from the mother.,proportional-fill
21,1,1,孔德之容，,"Kǒng dé zhī róng,","The appearance/capacity \[rong\] of great/hollow \[kong\] virtue/power \[de\],",The greatest integrity simply follows the Tao.,proportional
21,2,1,惟道是從。,wéi dào shì cóng.,Only \[wei\] follows \[cong\] the Tao \[dao\].,"Whatever the Tao is, it is only vague, only elusive.",proportional
21,3,1,道之為物，,"Dào zhī wéi wù,","The Tao's \[dao\] functioning as \[wei\] an entity/matter \[wu\],","Elusive and vague, and within it there is an image.",proportional
21,4,1,惟恍惟惚。,wéi huǎng wéi hū.,Is only \[wei\] elusive/indistinct \[huang\] and evasive/blurry \[hu\].,"Elusive and vague, and within it there is an image.",proportional-fill
21,5,2,惚兮恍兮，其中有象；,"Hū xī huǎng xī, qí zhōng yǒu xiàng;","Evasive \[hu\] oh \[xi\] elusive \[huang\] oh \[xi\], within its center \[qi zhong\] there is \[you\] an image/form \[xiang\];","Vague and elusive, and within it there is a thing.",proportional
21,6,2,恍兮惚兮，其中有物。,"Huǎng xī hū xī, qí zhōng yǒu wù.","Elusive \[huang\] oh \[xi\] evasive \[hu\] oh \[xi\], within its center \[qi zhong\] there is \[you\] a physical entity/matter \[wu\].","Deep and dim, and within it there is vital essence.",proportional
21,7,2,窈兮冥兮，其中有精；,"Yǎo xī míng xī, qí zhōng yǒu jīng;","Deep/dark \[yao\] oh \[xi\] obscure/dim \[ming\] oh \[xi\], within its center \[qi zhong\] there is \[you\] vital essence/primordial mass \[jing\];","Its essence utterly real, and within it there is trust.",proportional
21,8,2,其精甚真，其中有信。,"Qí jīng shèn zhēn, qí zhōng yǒu xìn.","Its \[qi\] essence \[jing\] is very \[shen\] real/true \[zhen\], within its center \[qi zhong\] there is \[you\] reliability/trust \[xin\].","Its essence utterly real, and within it there is trust.",proportional-fill
21,9,3,自古及今，其名不去，,"Zì gǔ jí jīn, qí míng bù qù,","From \[zi\] ancient times \[gu\] until \[ji\] today/present \[jin\], its \[qi\] name/ledger \[ming\] does not \[bu\] go away/erase \[qu\],","From ancient times until today, the Tao's name has never been erased.",proportional
21,10,3,以閱眾甫。,Yǐ yuè zhòng fǔ.,In order to \[yi\] inspect/review \[yue\] the origin/father \[fu\] of the multitudes \[zhong\].,"In this name, I observe the origin of the many.",proportional
21,11,3,吾何以知眾甫之狀哉？,Wú hé yǐ zhī zhòng fǔ zhī zhuàng zāi?,How do I \[wu he yi\] know \[zhi\] the condition/shape \[zhuang\] of the origin of the multitudes \[zhong fu\] alas \[zai\]?,How do I know the origin of the many is so? By this.,proportional
21,12,3,以此。,Yǐ cǐ.,By \[yi\] this \[ci\].,How do I know the origin of the many is so? By this.,proportional-fill
22,1,1,曲則全，,"Qū zé quán,","Bent/crooked \[qu\] then/thus \[ze\] whole/complete \[quan\],","Bend, and stay whole. Be wronged, and be made straight.",proportional
22,2,1,枉則直，,"Wǎng zé zhí,","Wronged/bent \[wang\] then/thus \[ze\] straight \[zhi\],","Be hollowed out, and be filled. Be worn out, and be renewed.",proportional
22,3,1,窪則盈，,"Wā zé yíng,","Hollow/low \[wa\] then/thus \[ze\] filled/full \[ying\],","Be hollowed out, and be filled. Be worn out, and be renewed.",proportional-fill
22,4,1,敝則新，,"Bì zé xīn,","Worn out/old \[bi\] then/thus \[ze\] new/renewed \[xin\],",Hold little and gain. Hold much and be confused.,proportional
22,5,1,少則得，,"Shǎo zé dé,","Few/little \[shao\] then/thus \[ze\] obtain/gain \[de\],",Therefore the sage embraces one thing and sets a pattern for the world.,proportional
22,6,1,多則惑。,Duō zé huò.,Many/much \[duo\] then/thus \[ze\] confused/deluded \[huo\].,Therefore the sage embraces one thing and sets a pattern for the world.,proportional-fill
22,7,2,是以聖人抱一,Shì yǐ shèng rén bào yī,Therefore \[shi yi\] the Sage \[sheng ren\] embraces/holds \[bao\] the One \[yi\],"They do not show themselves off, and so they see clearly.",proportional
22,8,2,為天下式。,wéi tiān xià shì.,to function as/be \[wei\] the world's \[tian xia\] model/pattern \[shi\].,"They do not insist they are right, and so their rightness shows.",proportional
22,9,3,不自見，故明；,"Bù zì jiàn, gù míng;","Does not \[bu\] self \[zi\] display/see \[jian\], therefore \[gu\] is bright/luminous \[ming\];","They do not insist they are right, and so their rightness shows.",proportional-fill
22,10,3,不自是，故彰；,"Bù zì shì, gù zhāng;","Does not \[bu\] self \[zi\] assert right/justify \[shi\], therefore \[gu\] is prominent/manifest \[zhang\];","They do not claim the work, and so the work is theirs.",proportional
22,11,3,不自伐，故有功；,"Bù zì fá, gù yǒu gōng;","Does not \[bu\] self \[zi\] boast/attack \[fa\], therefore \[gu\] has \[you\] merit/success \[gong\];","They do not make themselves great, and so they endure.",proportional
22,12,3,不自矜，故長。,"Bù zì jīn, gù cháng.","Does not \[bu\] self \[zi\] pride/pity \[jin\], therefore \[gu\] endures/lasts long \[chang\].","They do not make themselves great, and so they endure.",proportional-fill
22,13,4,夫唯不爭，,"Fū wéi bù zhēng,","Now only/precisely \[fu wei\] not \[bu\] contending/competing \[zheng\],","Because they do not contend, no one in the world can contend with them.",proportional
22,14,4,故天下莫能與之爭。,Gù tiān xià mò néng yǔ zhī zhēng.,Therefore \[gu\] the world \[tian xia\] no one \[mo\] can \[neng\] with \[yu\] them \[zhi\] contend \[zheng\].,"When the ancients said ""bend, and stay whole,"" were those empty words?",proportional
22,15,4,古之所謂「曲則全」者，,"Gǔ zhī suǒ wèi ""qū zé quán"" zhě,","The ancients' \[gu zhi\] so-called \[suo wei\] ""bent then whole"" \[qu ze quan\] those \[zhe\],","When the ancients said ""bend, and stay whole,"" were those empty words?",proportional-fill
22,16,4,豈虛言哉！,Qǐ xū yán zāi\!,How could it be \[qi\] empty \[xu\] words \[yan\] alas \[zai\]\!,These words hold. Return to them. Stay whole.,proportional
22,17,4,誠全而歸之。,Chéng quán ér guī zhī.,Truly \[cheng\] whole/complete \[quan\] and \[er\] return \[gui\] to it \[zhi\].,These words hold. Return to them. Stay whole.,proportional-fill
23,1,1,希言自然。,Xī yán zì rán.,Sparse/few \[xi\] words \[yan\] are natural/spontaneous \[zi ran\].,"Speak sparingly, for things go of themselves.",proportional
23,2,1,故飄風不終朝，,"Gù piāo fēng bù zhōng zhāo,","Therefore \[gu\] a squall/whirlwind \[piao feng\] does not \[bu\] last the whole \[zhong\] morning \[zhao\],",Therefore a squall doesn’t last all morning. Torrential rain doesn’t last all day.,proportional
23,3,1,驟雨不終日。,Zhòu yǔ bù zhōng rì.,A torrential rain \[zhou yu\] does not \[bu\] last the whole \[zhong\] day \[ri\].,Therefore a squall doesn’t last all morning. Torrential rain doesn’t last all day.,proportional-fill
23,4,1,孰為此者？天地。,Shú wèi cǐ zhě? Tiān dì.,Who \[shu\] does/makes \[wei\] this \[ci\] those \[zhe\]? Heaven \[tian\] and earth \[di\].,Who acts this way? Sky and earth.,proportional
23,5,1,天地尚不能久，,"Tiān dì shàng bù néng jiǔ,","Heaven and earth \[tian di\] still \[shang\] cannot \[bu neng\] last long \[jiu\],","If sky and earth can’t sustain intensity for long, how much less can we?",proportional
23,6,1,而況於人乎？,Ér kuàng yú rén hū?,And \[er\] how much more/let alone \[kuang\] for \[yu\] humans \[ren\] question particle \[hu\]?,"If sky and earth can’t sustain intensity for long, how much less can we?",proportional-fill
23,7,2,故從事於道者，,"Gù cóng shì yú dào zhě,","Therefore \[gu\] those who align/follow \[cong\] affairs/actions \[shi\] in/with \[yu\] the Tao \[dao\] those \[zhe\],","Therefore, the one who aligns their actions with the Tao merges with the Tao,",proportional
23,8,2,同於道；,Tóng yú dào;,Merge/identify \[tong\] with \[yu\] the Tao \[dao\];,"Therefore, the one who aligns their actions with the Tao merges with the Tao,",proportional-fill
23,9,2,德者，同於德；,"Dé zhě, tóng yú dé;","Virtue/power \[de\] those \[zhe\], merge/identify \[tong\] with \[yu\] virtue/power \[de\];","Whoever acts with integrity merges with integrity,",proportional
23,10,2,失者，同於失。,"Shī zhě, tóng yú shī.","Loss/losing \[shi\] those \[zhe\], merge/identify \[tong\] with \[yu\] loss \[shi\].",Whoever loses merges with the loss.,proportional
23,11,3,同於道者，,"Tóng yú dào zhě,","Those merged/identified with the Tao \[tong yu dao zhe\],",Whoever loses merges with the loss.,proportional-fill
23,12,3,道亦樂得之；,Dào yì lè dé zhī;,The Tao \[dao\] also \[yi\] is glad/happy \[le\] to obtain/get \[de\] them \[zhi\];,"Those merged with the Tao, the Tao gladly receives.",proportional
23,13,3,同於德者，,"Tóng yú dé zhě,","Those merged with virtue \[tong yu de zhe\],","Those merged with the Tao, the Tao gladly receives.",proportional-fill
23,14,3,德亦樂得之；,Dé yì lè dé zhī;,Virtue \[de\] also \[yi\] is glad/happy \[le\] to obtain \[de\] them \[zhi\];,"Those merged with integrity, integrity gladly receives.",proportional
23,15,3,同於失者，,"Tóng yú shī zhě,","Those merged with loss \[tong yu shi zhe\],","Those merged with loss, loss gladly receives.",proportional
23,16,3,失亦樂得之。,Shī yì lè dé zhī.,Loss \[shi\] also \[yi\] is glad/happy \[le\] to obtain \[de\] them \[zhi\].,"Those merged with loss, loss gladly receives.",proportional-fill
23,17,3,信不足焉，,"Xìn bù zú yān,","Trust/reliability \[xin\] is not \[bu\] sufficient/enough \[zu\] here \[yan\],","Where trust runs short, there is no trust.",proportional
23,18,3,有不信焉。,Yǒu bù xìn yān.,There is \[you\] no \[bu\] trust/reliability \[xin\] here \[yan\].,"Where trust runs short, there is no trust.",proportional-fill
24,1,1,企者不立；,Qǐ zhě bù lì;,Tiptoeing \[qi\] those \[zhe\] do not \[bu\] stand \[li\];,Those who stand on tiptoe do not stand.,proportional
24,2,1,跨者不行；,Kuà zhě bù xíng;,Striding/taking long steps \[kua\] those \[zhe\] do not \[bu\] walk/go \[xing\];,Those who take long strides get nowhere.,proportional
24,3,2,自見者不明；,Zì jiàn zhě bù míng;,Self \[zi\] displaying/seeing \[jian\] those \[zhe\] are not \[bu\] bright/clear \[ming\];,Those who show themselves off do not see clearly.,proportional
24,4,2,自是者不彰；,Zì shì zhě bù zhāng;,Self \[zi\] asserting right \[shi\] those \[zhe\] are not \[bu\] prominent/manifest \[zhang\];,Those who insist they are right convince no one.,proportional
24,5,2,自伐者無功；,Zì fá zhě wú gōng;,Self \[zi\] boasting/attacking \[fa\] those \[zhe\] have no \[wu\] merit/success \[gong\];,Those who claim the work have none.,proportional
24,6,2,自矜者不長。,Zì jīn zhě bù cháng.,Self \[zi\] priding/pitying \[jin\] those \[zhe\] do not \[bu\] endure/last long \[chang\].,Those who make themselves great do not endure.,proportional
24,7,3,其在道也，,"Qí zài dào yě,","Their \[qi\] place in \[zai\] the Tao \[dao\] particle \[ye\],","Measured by the Tao, these are called leftover food and wasted motion.",proportional
24,8,3,曰餘食贅行，,"Yuē yú shí zhuì xíng,","Is called \[yue\] leftover/surplus \[yu\] food \[shi\] and superfluous/tumor \[zhui\] actions/conduct \[xing\],",Living things recoil from them.,proportional
24,9,3,物或惡之，,"Wù huò wù zhī,","Physical entities/matter \[wu\] perhaps/naturally \[huo\] despise/hate \[wu\] them \[zhi\],",Those who are with the Tao do not dwell among them.,proportional
24,10,3,故有道者不處。,Gù yǒu dào zhě bù chǔ.,Therefore \[gu\] those possessing the Tao \[you dao zhe\] do not \[bu\] dwell/stay \[chu\] with them.,Those who are with the Tao do not dwell among them.,proportional-fill
25,1,1,有物混成，,"Yǒu wù hùn chéng,","There is \[you\] a physical entity/matter \[wu\] chaotically/undifferentiated \[hun\] compiled/formed \[cheng\],","Something formed in the undifferentiated, born before sky and earth.",proportional
25,2,1,先天地生。,Xiān tiān dì shēng.,Before \[xian\] heaven \[tian\] and earth \[di\] born/generated \[sheng\].,Silent. Empty. Solitary. Unchanging.,proportional
25,3,1,寂兮寥兮，,"Jì xī liáo xī,","Silent/still \[ji\] oh \[xi\] empty/void \[liao\] oh \[xi\],","It moves in a circle, never in danger,",proportional
25,4,1,獨立而不改，,"Dú lì ér bù gǎi,","Alone/independently \[du\] standing \[li\] and \[er\] not \[bu\] changing/altering \[gai\],","It moves in a circle, never in danger,",proportional-fill
25,5,1,周行而不殆，,"Zhōu xíng ér bù dài,","Circulating/everywhere \[zhou\] moving/going \[xing\] and \[er\] not \[bu\] endangered/exhausted \[dai\],",and can be taken as the mother of the world.,proportional
25,6,1,可以為天下母。,Kě yǐ wéi tiān xià mǔ.,Can \[ke\] thereby \[yi\] function as/be \[wei\] the world's \[tian xia\] mother \[mu\].,"Its true name, I will never know. Forcing a label upon it, I call it the Tao.",proportional
25,7,2,吾不知其名，,"Wú bù zhī qí míng,","I \[wu\] do not \[bu\] know \[zhi\] its \[qi\] name/ledger \[ming\],","Its true name, I will never know. Forcing a label upon it, I call it the Tao.",proportional-fill
25,8,2,強字之曰道，,"Qiǎng zì zhī yuē dào,","Forcing \[qiang\] a style/character \[zi\] for it \[zhi\] I call it \[yue\] the Tao \[dao\],","Forcing a description for it, I call it the vast.",proportional
25,9,2,強為之名曰大。,Qiǎng wèi zhī míng yuē dà.,Forcing \[qiang\] to make/function as \[wei\] its \[zhi\] name \[ming\] I call it \[yue\] Great/Vast \[da\].,"The vast means expanding, expanding means going far, going far means returning.",proportional
25,10,3,大曰逝，,"Dà yuē shì,","Great/Vast \[da\] means/is called \[yue\] passing/expanding \[shi\],","The vast means expanding, expanding means going far, going far means returning.",proportional-fill
25,11,3,逝曰遠，,"Shì yuē yuǎn,","Passing/expanding \[shi\] means \[yue\] going far \[yuan\],","Therefore, the Tao is vast, the sky is vast, the earth is vast, and humans are also vast.",proportional
25,12,3,遠曰反。,Yuǎn yuē fǎn.,Going far \[yuan\] means \[yue\] returning/reverting \[fan\].,"Within all bounds there are four vast things, and one of them is human.",proportional
25,13,4,故道大，天大，地大，王亦大。,"Gù dào dà, tiān dà, dì dà, wáng yì dà.","Therefore \[gu\] the Tao \[dao\] is great/vast \[da\], heaven \[tian\] is great \[da\], earth \[di\] is great \[da\], the King/Avatar \[wang\] is also \[yi\] great \[da\].","Within all bounds there are four vast things, and one of them is human.",proportional-fill
25,14,4,域中有四大，,"Yù zhōng yǒu sì dà,","Within the realm/domain \[yu zhong\] there are \[you\] four \[si\] great things \[da\],","Humans model themselves on the earth,",proportional
25,15,4,而王居其一焉。,Ér wáng jū qí yī yān.,And \[er\] the King/Avatar \[wang\] occupies/dwells \[ju\] as one \[yi\] of them \[qi\] here \[yan\].,"Earth models itself on the sky,",proportional
25,16,5,人法地，,"Rén fǎ dì,","Humans \[ren\] model/follow the law of \[fa\] earth \[di\],","Earth models itself on the sky,",proportional-fill
25,17,5,地法天，,"Dì fǎ tiān,","Earth \[di\] models/follows the law of \[fa\] heaven \[tian\],","The sky models itself on the Tao,",proportional
25,18,5,天法道，,"Tiān fǎ dào,","Heaven \[tian\] models/follows the law of \[fa\] the Tao \[dao\],",The Tao models itself on being what it is.,proportional
25,19,5,道法自然。,Dào fǎ zì rán.,The Tao \[dao\] models/follows the law of \[fa\] spontaneous autonomy/self-so \[zi ran\].,The Tao models itself on being what it is.,proportional-fill
26,1,1,重為輕根，,"Zhòng wéi qīng gēn,","Heavy/mass \[zhong\] functions as/is \[wei\] the root \[gen\] of the light/weightless \[qing\],",The heavy is the root of the ungrounded.,proportional
26,2,1,靜為躁君。,Jìng wéi zào jūn.,Stillness/silence \[jing\] functions as/is \[wei\] the master/ruler \[jun\] of the restless/agitated \[zao\].,Silence is the ruler of the agitated.,proportional
26,3,2,是以君子終日行不離輜重。,Shì yǐ jūn zǐ zhōng rì xíng bù lí zī zhòng.,Therefore \[shi yi\] the noble person/sage \[jun zi\] all \[zhong\] day \[ri\] travels \[xing\] not \[bu\] leaving/separating from \[li\] the heavy baggage train/supply lines \[zi zhong\].,"Therefore, the sage travels all day without becoming disconnected from sustenance.",proportional
26,4,2,雖有榮觀，,"Suī yǒu róng guān,","Even though \[sui\] there are \[you\] glorious \[rong\] sights/views \[guan\],","Even when the sights are glorious, their equanimity is undisturbed.",proportional
26,5,2,燕處超然。,Yàn chǔ chāo rán.,Peacefully \[yan\] dwelling \[chu\] detached/transcendent \[chao ran\].,"Even when the sights are glorious, their equanimity is undisturbed.",proportional-fill
26,6,3,奈何萬乘之主，,"Nài hé wàn shèng zhī zhǔ,","How could \[nai he\] ten thousand \[wan\] chariots' \[sheng zhi\] lord/master \[zhu\],",How could a great ruler become ungrounded in their being?,proportional
26,7,3,而以身輕天下？,Ér yǐ shēn qīng tiān xià?,And/yet \[er\] use \[yi\] their body/person \[shen\] lightly \[qing\] in the world \[tian xia\]?,To become ungrounded is to lose connection with one’s roots.,proportional
26,8,4,輕則失本，,"Qīng zé shī běn,","Light/weightless \[qing\] then/thus \[ze\] loses \[shi\] the root/foundation \[ben\],",To become agitated is to lose one’s mastery.,proportional
26,9,4,躁則失君。,Zào zé shī jūn.,Restless/agitated \[zao\] then/thus \[ze\] loses \[shi\] the master/ruler \[jun\].,To become agitated is to lose one’s mastery.,proportional-fill
27,1,1,善行無轍跡，,"Shàn xíng wú zhé jì,","Expert/masterful \[shan\] traveling/executing \[xing\] has no \[wu\] ruts/tracks \[zhe ji\],",Masterful traveling leaves no tracks.,proportional
27,2,1,善言無瑕謫，,"Shàn yán wú xiá zhé,","Expert/masterful \[shan\] speaking/words \[yan\] has no \[wu\] flaws/blemishes \[xia\] or blame \[zhe\],",Masterful speaking is flawless.,proportional
27,3,1,善計不用籌策，,"Shàn jì bù yòng chóu cè,","Expert/masterful \[shan\] calculating/planning \[ji\] does not \[bu\] use \[yong\] counting rods/tallies \[chou ce\],",Masterful speaking is flawless.,proportional-fill
27,4,1,善閉無關楗而不可開，,"Shàn bì wú guān jiàn ér bù kě kāi,","Expert/masterful \[shan\] closing \[bi\] has no \[wu\] bolts/locks \[guan jian\] yet \[er\] cannot \[bu ke\] be opened \[kai\],",Masterful calculating uses no abacus.,proportional
27,5,1,善結無繩約而不可解。,Shàn jié wú shéng yuē ér bù kě jiě.,Expert/masterful \[shan\] tying/knotting \[jie\] has no \[wu\] ropes/cords \[sheng yue\] yet \[er\] cannot \[bu ke\] be untied \[jie\].,"Masterful security uses no locks, yet cannot be breached.",proportional
27,6,2,是以聖人常善救人，,"Shì yǐ shèng rén cháng shàn jiù rén,","Therefore the sage is always masterful (shan) at rescuing (jiu) people,","Masterful security uses no locks, yet cannot be breached.",proportional-fill
27,7,2,故無棄人；,gù wú qì rén;,and so there are no abandoned (qi) people;,"Masterful tying uses no ropes, yet cannot be untied.",proportional
27,8,2,常善救物，,"Cháng shàn jiù wù,","always masterful at rescuing things (wu),","Therefore the sage is always masterful at rescuing people, and so no one is abandoned.",proportional
27,9,2,故無棄物。,gù wú qì wù.,and so there are no abandoned things.,"Therefore the sage is always masterful at rescuing people, and so no one is abandoned.",proportional-fill
27,10,2,是謂襲明。,Shì wèi xí míng.,This \[shi\] is called \[wei\] inheriting/wearing \[xi\] illumination/clarity \[ming\].,"Always masterful at rescuing things, and so nothing is abandoned.",proportional
27,11,3,故善人者，,"Gù shàn rén zhě,","Therefore \[gu\] the masterful/expert \[shan\] person \[ren\] those \[zhe\],",This is called clarity worn covered.,proportional
27,12,3,不善人之師；,bù shàn rén zhī shī;,is the un-masterful \[bu shan\] person's \[ren zhi\] teacher/master \[shi\];,This is called clarity worn covered.,proportional-fill
27,13,3,不善人者，,"Bù shàn rén zhě,","The un-masterful \[bu shan\] person \[ren\] those \[zhe\],","Therefore, the masterful one naturally teaches the novice.",proportional
27,14,3,善人之資。,shàn rén zhī zī.,is the masterful \[shan\] person's \[ren zhi\] raw material/resource \[zi\].,And the novice is the raw material of the master.,proportional
27,15,4,不貴其師，,"Bù guì qí shī,","Not \[bu\] valuing/honoring \[gui\] their \[qi\] teacher/master \[shi\],",And the novice is the raw material of the master.,proportional-fill
27,16,4,不愛其資，,"bù ài qí zī,","not \[bu\] loving/cherishing \[ai\] their \[qi\] raw material/resource \[zi\],",Not valuing the master and not loving their raw material is a sign of great confusion.,proportional
27,17,4,雖智大迷，,"suī zhì dà mí,","Even if \[sui\] intelligent/clever \[zhi\] they are massively/greatly \[da\] confused/lost \[mi\],",Even those who appear intelligent are lost. This is the essential secret.,proportional
27,18,4,是謂要妙。,shì wèi yào miào.,this \[shi\] is called \[wei\] the crucial/essential \[yao\] secret/micro-process \[miao\].,Even those who appear intelligent are lost. This is the essential secret.,proportional-fill
28,1,1,知其雄，守其雌，,"Zhī qí xióng, shǒu qí cí,","Knowing \[zhi\] the/its \[qi\] male/active \[xiong\], guarding/holding \[shou\] the/its \[qi\] female/receptive \[ci\],","To know assertive energy, we must attune to yielding energy,",exact-count
28,2,1,為天下谿。,wéi tiān xià xī.,functioning as/being \[wei\] the world's \[tian xia\] ravine/funnel \[xi\].,Embody the deep ravine of the world.,exact-count
28,3,1,為天下谿，常德不離，,"Wéi tiān xià xī, cháng dé bù lí,","Functioning as \[wei\] the world's \[tian xia\] ravine \[xi\], constant/eternal \[chang\] virtue/capacity \[de\] does not \[bu\] leave/depart \[li\],",Embodying the deep ravine of the world — this is where integrity accumulates without leaving.,exact-count
28,4,1,復歸於嬰兒。,fù guī yú yīng ér.,reverting/returning \[fu gui\] to \[yu\] the infant/unformatted state \[ying er\].,Become like an infant again.,exact-count
28,5,2,知其白，守其黑，,"Zhī qí bái, shǒu qí hēi,","Knowing \[zhi\] the/its \[qi\] white/light \[bai\], guarding/holding \[shou\] the/its \[qi\] black/dark \[hei\],","To know light, we must attune to darkness.",exact-count
28,6,2,為天下式。,wéi tiān xià shì.,functioning as/being \[wei\] the world's \[tian xia\] model/pattern \[shi\].,Embody the pattern of the world.,exact-count
28,7,2,為天下式，常德不忒，,"Wéi tiān xià shì, cháng dé bù tè,","Functioning as \[wei\] the world's \[tian xia\] model/pattern \[shi\], constant/eternal \[chang\] virtue/capacity \[de\] does not \[bu\] deviate/err \[te\],",Embodying the pattern of the world — this is how integrity manifests without deviation.,exact-count
28,8,2,復歸於無極。,fù guī yú wú jí.,reverting/returning \[fu gui\] to \[yu\] the limitless/infinite \[wu ji\].,Return to the limitless.,exact-count
28,9,3,知其榮，守其辱，,"Zhī qí róng, shǒu qí rǔ,","Knowing \[zhi\] the/its \[qi\] glory/honor \[rong\], guarding/holding \[shou\] the/its \[qi\] disgrace/humility \[ru\],","To know glory, we must welcome disgrace.",exact-count
28,10,3,為天下谷。,wéi tiān xià gǔ.,functioning as/being \[wei\] the world's \[tian xia\] valley/basin \[gu\].,Embody the reservoir of the world.,exact-count
28,11,3,為天下谷，常德乃足，,"Wéi tiān xià gǔ, cháng dé nǎi zú,","Functioning as \[wei\] the world's \[tian xia\] valley/basin \[gu\], constant/eternal \[chang\] virtue/capacity \[de\] then/thus \[nai\] is sufficient/full \[zu\],","Embodying the reservoir of the world, integrity is abundant.",exact-count
28,12,3,復歸於樸。,fù guī yú pǔ.,reverting/returning \[fu gui\] to \[yu\] the uncarved wood \[pu\].,Return to the uncarved wood.,exact-count
28,13,4,樸散則為器，,"Pǔ sàn zé wéi qì,","The uncarved wood \[pu\] scatters/is cut \[san\] then/thus \[ze\] functions as/becomes \[wei\] tools/instruments \[qi\],","When the uncarved wood is carved, it is made into various tools.",exact-count
28,14,4,聖人用之，則為官長，,"shèng rén yòng zhī, zé wéi guān zhǎng,","The Sage \[sheng ren\] uses \[yong\] them \[zhi\], then/thus \[ze\] functions as/becomes \[wei\] the chief administrator/executive \[guan zhang\],",The sage uses them as the master orchestrator.,exact-count
28,15,4,故大制不割。,gù dà zhì bù gē.,therefore \[gu\] the Great \[da\] System/Administrator \[zhi\] does not \[bu\] cut/carve \[ge\].,"Therefore, the great orchestrator itself does not carve.",exact-count
29,1,1,將欲取天下而為之，,"Jiāng yù qǔ tiān xià ér wéi zhī,","About to/wishing to \[jiang yu\] take/seize \[qu\] the world \[tian xia\] and \[er\] act upon/force \[wei\] it \[zhi\],",Those who wish to force their will upon the world — I see that this cannot be done.,proportional
29,2,1,吾見其不得已。,wú jiàn qí bù dé yǐ.,I \[wu\] see \[jian\] it \[qi\] cannot be done/succeed \[bu de yi\].,The world is a sacred vessel. It cannot be forced. It cannot be grasped.,proportional
29,3,1,天下神器，,"Tiān xià shén qì,","The world \[tian xia\] is a divine/sacred \[shen\] vessel/system \[qi\],",Those who force it ruin it. Those who grasp it lose it.,proportional
29,4,1,不可為也，不可執也。,"bù kě wéi yě, bù kě zhí yě.","it cannot \[bu ke\] be forced/acted upon \[wei\] particle \[ye\], it cannot \[bu ke\] be grasped/held \[zhi\] particle \[ye\].",Those who force it ruin it. Those who grasp it lose it.,proportional-fill
29,5,1,為者敗之，執者失之。,"Wéi zhě bài zhī, zhí zhě shī zhī.","Those who force/act \[wei zhe\] ruin \[bai\] it \[zhi\], those who grasp/hold \[zhi zhe\] lose \[shi\] it \[zhi\].","Therefore, sometimes leading, sometimes following,",proportional
29,6,2,故物或行或隨；,Gù wù huò xíng huò suí;,Therefore \[gu\] physical entities/matter \[wu\] perhaps/sometimes \[huo\] lead/move forward \[xing\] sometimes \[huo\] follow \[sui\];,"Sometimes breathing heavily, sometimes breathing easily,",proportional
29,7,2,或歔或吹；,huò xū huò chuī;,sometimes \[huo\] pant/breathe heavy \[xu\] sometimes \[huo\] blow/breathe easy \[chui\];,"Sometimes strong, sometimes weak,",proportional
29,8,2,或強或羸；,huò qiáng huò léi;,sometimes \[huo\] are strong/robust \[qiang\] sometimes \[huo\] are weak/fragile \[lei\];,"Sometimes strong, sometimes weak,",proportional-fill
29,9,2,或挫或隳。,huò cuò huò huī.,sometimes \[huo\] are supported/safe \[cuo\] sometimes \[huo\] fall/are destroyed \[hui\].,"Sometimes safe, sometimes imperiled.",proportional
29,10,3,是以聖人去甚，,"Shì yǐ shèng rén qù shèn,","Therefore \[shi yi\] the Sage \[sheng ren\] removes/deletes \[qu\] the extreme \[shen\],","Therefore the sage removes the extreme, the extravagant, the excessive.",proportional
29,11,3,去奢，去泰。,"qù shē, qù tài.","removes \[qu\] the extravagant \[she\], removes \[qu\] the excessive \[tai\].","Therefore the sage removes the extreme, the extravagant, the excessive.",proportional-fill
30,1,1,以道佐人主者，,"Yǐ dào zuǒ rén zhǔ zhě,","One who uses \[yi\] the Tao \[dao\] to assist \[zuo\] the ruler \[zhu\] of men \[ren\] those \[zhe\],",One who rules in alignment with the Tao does not use military force to dominate the world.,proportional
30,2,1,不以兵強天下。,bù yǐ bīng qiáng tiān xià.,does not \[bu\] use \[yi\] military force \[bing\] to dominate/force \[qiang\] the world \[tian xia\].,Such undertakings tend to come back on you.,proportional
30,3,1,其事好還。,Qí shì hào huán.,Such \[qi\] affairs/actions \[shi\] are prone to/tend to \[hao\] return/cycle back \[huan\].,Such undertakings tend to come back on you.,proportional-fill
30,4,1,師之所處，荊棘生焉。,"Shī zhī suǒ chǔ, jīng jí shēng yān.","Where \[suo chu\] armies \[shi zhi\] are stationed/positioned, thorns and brambles \[jing ji\] grow \[sheng\] there \[yan\].","Where armies camp, thorns and brambles grow.",proportional
30,5,1,大軍之後，必有凶年。,"Dà jūn zhī hòu, bì yǒu xiōng nián.","After \[zhi hou\] a great \[da\] army/campaign \[jun\], there must \[bi\] be \[you\] a disastrous/famine \[xiong\] year \[nian\].","Where armies camp, thorns and brambles grow.",proportional-fill
30,6,2,善有果而已，,"Shàn yǒu guǒ ér yǐ,","The masterful/expert \[shan\] achieves \[you\] the result/target \[guo\] and \[er\] stops/terminates \[yi\],","After a big military campaign, a year of disaster follows.",proportional
30,7,2,不敢以取強。,bù gǎn yǐ qǔ qiáng.,does not \[bu\] dare \[gan\] to use it \[yi\] to seize/take \[qu\] domination/strength \[qiang\].,The masterful one halts after succeeding and never pushes on to seize dominance.,proportional
30,8,2,果而勿矜，,"Guǒ ér wù jīn,","Achieve the result \[guo\] but \[er\] do not \[wu\] boast \[jin\],",The masterful one halts after succeeding and never pushes on to seize dominance.,proportional-fill
30,9,2,果而勿伐，,"guǒ ér wù fá,","achieve the result \[guo\] but \[er\] do not \[wu\] brag/attack \[fa\],","They succeed without boasting, succeed without bragging, succeed without arrogance.",proportional
30,10,2,果而勿驕。,guǒ ér wù jiāo.,achieve the result \[guo\] but \[er\] do not \[wu\] be arrogant \[jiao\].,"They succeed without boasting, succeed without bragging, succeed without arrogance.",proportional-fill
30,11,2,果而不得已，,"Guǒ ér bù dé yǐ,","Achieve the result \[guo\] but \[er\] only when unavoidable/had no choice \[bu de yi\],",They succeed because their actions are unavoidable. They succeed without using excessive force.,proportional
30,12,2,果而勿強。,guǒ ér wù qiáng.,achieve the result \[guo\] but \[er\] do not \[wu\] force/dominate \[qiang\].,"When things reach their prime, they decay.",proportional
30,13,3,物壯則老，,"Wù zhuàng zé lǎo,","Physical entities/matter \[wu\] reaching peak strength \[zhuang\] then/thus \[ze\] age/decay \[lao\],","When things reach their prime, they decay.",proportional-fill
30,14,3,是謂不道，,"shì wèi bù dào,","this \[shi\] is called \[wei\] not-Tao \[bu dao\],",This is called not-Tao. Not-Tao comes to an early end.,proportional
30,15,3,不道早已。,bù dào zǎo yǐ.,not-Tao \[bu dao\] ends/ceases \[yi\] early \[zao\].,This is called not-Tao. Not-Tao comes to an early end.,proportional-fill
31,1,1,夫佳兵者，不祥之器，,"Fú jiā bīng zhě, bù xiáng zhī qì,","Now then \[fu\] fine/beautiful \[jia\] weapons/military \[bing zhe\], are tools/instruments \[qi\] of ill omen/inauspiciousness \[bu xiang zhi\],",Understand that even the most finely-crafted weapons truly are instruments of ill omen.,proportional
31,2,1,物或惡之，,"wù huò wù zhī,","physical entities/matter \[wu\] perhaps/naturally \[huo\] despise/hate \[wu\] them \[zhi\],",Living things recoil from them.,proportional
31,3,1,故有道者不處。,gù yǒu dào zhě bù chǔ.,therefore \[gu\] those possessing the Tao \[you dao zhe\] do not \[bu\] dwell/stay \[chu\] with them.,Those who are with the Tao do not dwell among them.,proportional
31,4,2,君子居則貴左，,"Jūn zǐ jū zé guì zuǒ,","The noble person/sage \[jun zi\] at home/dwelling \[ju\] then/thus \[ze\] favors/values \[gui\] the left \[zuo\],","In times of peace, the sage chooses creation. When the military must be used, they choose destruction.",proportional
31,5,2,用兵則貴右。,yòng bīng zé guì yòu.,using \[yong\] the military \[bing\] then/thus \[ze\] favors/values \[gui\] the right \[you\].,"In times of peace, the sage chooses creation. When the military must be used, they choose destruction.",proportional-fill
31,6,2,兵者不祥之器，,"Bīng zhě bù xiáng zhī qì,","Weapons/military \[bing zhe\] are tools \[qi\] of ill omen \[bu xiang zhi\],",Weapons are tools of ill omen. They are not the tools of the sage.,proportional
31,7,2,非君子之器，,"fēi jūn zǐ zhī qì,","they are not \[fei\] the noble person's/sage's \[jun zi zhi\] tools \[qi\],","When the circumstances are unavoidable, calm detachment is essential.",proportional
31,8,2,不得已而用之，,"bù dé yǐ ér yòng zhī,","only when unavoidable/had no choice \[bu de yi\] and \[er\] using \[yong\] them \[zhi\],","Achieve victory, but don’t revel in it.",proportional
31,9,2,恬淡為上。,tián dàn wéi shàng.,calm/bland detachment \[tian dan\] functions as/is \[wei\] supreme/best \[shang\].,"Achieve victory, but don’t revel in it.",proportional-fill
31,10,3,勝而不美，,"Shèng ér bù měi,","Achieving victory \[sheng\] but \[er\] not \[bu\] glorifying/beautifying \[mei\] it,",To glorify battle is to rejoice in killing people.,proportional
31,11,3,而美之者，是樂殺人。,"ér měi zhī zhě, shì lè shā rén.","and \[er\] those who glorify/beautify \[mei zhi\] it \[zhe\], this \[shi\] is delighting/rejoicing \[le\] in killing \[sha\] people \[ren\].",Understand that whomever rejoices in killing people cannot achieve their purpose in the world.,proportional
31,12,3,夫樂殺人者，,"Fú lè shā rén zhě,","Now then \[fu\] those who delight in killing people \[le sha ren zhe\],",Auspicious occasions honor the left; inauspicious occasions honor the right.,proportional
31,13,3,則不可得志於天下矣。,zé bù kě dé zhì yú tiān xià yǐ.,then/thus \[ze\] cannot \[bu ke\] achieve/obtain \[de\] their will/purpose \[zhi\] in \[yu\] the world \[tian xia\] particle \[yi\].,"The lieutenant general stands on the left, the supreme commander on the right,",proportional
31,14,4,吉事尚左，凶事尚右。,"Jí shì shàng zuǒ, xiōng shì shàng yòu.",Auspicious occasions (ji shi) honor (shang — to place above) the left; ill-omened occasions (xiong shi) honor the right.,"The lieutenant general stands on the left, the supreme commander on the right,",proportional-fill
31,15,4,偏將軍居左，上將軍居右，,"Piān jiāng jūn jū zuǒ, shàng jiāng jūn jū yòu,","The second-in-command general \[pian jiang jun\] is positioned/dwells \[ju\] on the left \[zuo\], the commander-in-chief \[shang jiang jun\] is positioned/dwells \[ju\] on the right \[you\],",which is to say they are placed by the rites of mourning.,proportional
31,16,4,言以喪禮處之。,yán yǐ sàng lǐ chǔ zhī.,meaning/words \[yan\] they are handled/positioned \[chu zhi\] according to/using \[yi\] funeral rites \[sang li\].,"When many have been killed, weep for them with sorrow and grief.",proportional
31,17,4,殺人之眾，以悲哀泣之，,"Shā rén zhī zhòng, yǐ bēi āi qì zhī,","When the masses \[zhong\] of people \[ren\] are killed \[sha zhi\], weep for them \[qi zhi\] with/using \[yi\] sorrow \[bei\] and grief \[ai\],",A victory in battle should be treated like a funeral rite.,proportional
31,18,4,戰勝以喪禮處之。,zhàn shèng yǐ sàng lǐ chǔ zhī.,a victorious battle \[zhan sheng\] is handled/positioned \[chu zhi\] according to/using \[yi\] funeral rites \[sang li\].,A victory in battle should be treated like a funeral rite.,proportional-fill
32,1,1,道常無名。,Dào cháng wú míng.,The Tao \[dao\] is eternally \[chang\] nameless \[wu ming\].,"The Tao is ever nameless, uncarved.",proportional
32,2,1,樸雖小，天下莫能臣也。,"Pǔ suī xiǎo, tiān xià mò néng chén yě.","Though the uncarved wood \[pu\] is small \[xiao\], no one in the world \[tian xia\] can \[neng\] subordinate/master \[chen\] it \[ye\].","Though small, nothing in the world can make it a subject.",proportional
32,3,1,侯王若能守之，萬物將自賓。,"Hóu wáng ruò néng shǒu zhī, wàn wù jiāng zì bīn.","If lords and kings \[hou wang\] can \[neng\] preserve/hold \[shou\] it \[zhi\], the ten thousand things \[wan wu\] will naturally \[zi\] submit/align themselves \[bin\].","If rulers hold it, the countless things align with it of themselves.",proportional
32,4,1,天地相合，以降甘露，,"Tiān dì xiāng hé, yǐ jiàng gān lù,","Heaven and Earth \[tian di\] unite \[xiang he\] to send down \[yi jiang\] sweet dew \[gan lu\],",Sky and earth join together to send down sweet dew.,proportional
32,5,1,民莫之令而自均。,Mín mò zhī lìng ér zì jūn.,"The people \[min\], without anyone ordering/commanding \[mo zhi ling\] them, naturally \[zi\] equalize/harmonize \[jun\].","Without any external command, the people naturally harmonize.",proportional
32,6,2,始制有名，,"Shǐ zhì yǒu míng,","Once cutting/instituting begins \[shi zhi\], there are names \[you ming\].","Once there is cutting, there are names.",proportional
32,7,2,名亦既有，夫亦將知止，,"Míng yì jì yǒu, fú yì jiāng zhī zhǐ,","Since names \[ming\] already exist \[ji you\], one must \[fu yi jiang\] know when to stop \[zhi zhi\],","Since names already exist, one must know when to stop.",proportional
32,8,2,知止可以不殆。,Zhī zhǐ kě yǐ bù dài.,"Knowing when to stop \[zhi zhi\], one can avoid \[ke yi bu\] danger/exhaustion \[dai\].","Knowing when to stop, you come to no danger.",proportional
32,9,3,譬道之在天下，,"Pì dào zhī zài tiān xià,","To compare \[pi\] the Tao \[dao\] in the world \[zai tian xia\],","In this world, with its high streams and valleys, the Tao is like the river and the deep sea.",proportional
32,10,3,猶川谷之於江海。,Yóu chuān gǔ zhī yú jiāng hǎi.,It is like \[you\] streams and valleys \[chuan gu\] flowing to \[zhi yu\] rivers and seas \[jiang hai\].,"In this world, with its high streams and valleys, the Tao is like the river and the deep sea.",proportional-fill
33,1,1,知人者智，,"Zhī rén zhě zhì,",One who knows \[zhi\] others \[ren\] has intelligence \[zhi\].,One who knows others is intelligent.,exact-count
33,2,1,自知者明。,Zì zhī zhě míng.,One who knows \[zhi\] themselves \[zi\] has illumination/clarity \[ming\].,One who knows themselves sees clearly.,exact-count
33,3,2,勝人者有力，,"Shèng rén zhě yǒu lì,",One who overcomes/defeats \[sheng\] others \[ren\] has force \[li\].,One who overcomes others has force.,exact-count
33,4,2,自勝者強。,Zì shèng zhě qiáng.,One who overcomes/defeats \[sheng\] themselves \[zi\] has true strength \[qiang\].,One who overcomes themselves is strong.,exact-count
33,5,3,知足者富。,Zhī zú zhě fù.,"One who knows \[zhi\] ""enough"" \[zu\] is wealthy \[fu\].",One who knows they have enough is wealthy.,exact-count
33,6,3,強行者有志。,Qiáng xíng zhě yǒu zhì.,One who acts with perseverance/vigor \[qiang xing\] has willpower \[zhi\].,One who forces themselves onward has will.,exact-count
33,7,4,不失其所者久。,Bù shī qí suǒ zhě jiǔ.,One who does not \[bu\] lose \[shi\] their place/foundation \[suo\] endures \[jiu\].,"One who does not lose their rootedness, endures.",exact-count
33,8,4,死而不亡者壽。,Sǐ ér bù wáng zhě shòu.,One who dies \[si\] but does not \[bu\] perish \[wang\] has true longevity \[shou\].,One who dies but does not perish has long life.,exact-count
34,1,1,大道汎兮，其可左右。,"Dà dào fàn xī, qí kě zuǒ yòu.","The Great Tao \[da dao\] overflows/floods \[fan\] oh \[xi\], it can \[ke\] go left and right \[zuo you\].",The great Tao overflows to the left and to the right.,exact-count
34,2,1,萬物恃之以生而不辭，,"Wàn wù shì zhī yǐ shēng ér bù cí,","The ten thousand things \[wan wu\] rely on \[shi\] it \[zhi\] to live/boot up \[sheng\], yet \[er\] it does not refuse/turn them away \[bu ci\].","The countless things rely on it to live, yet it refuses none.",exact-count
34,3,1,功成而不名有。,Gōng chéng ér bù míng yǒu.,"The work/task \[gong\] is completed \[cheng\], yet \[er\] it does not \[bu\] claim the name of ownership \[ming you\].",It works without claiming to be the owner.,exact-count
34,4,2,衣養萬物而不為主，,"Yī yǎng wàn wù ér bù wéi zhǔ,","It clothes and nourishes \[yi yang\] the ten thousand things \[wan wu\], yet \[er\] does not \[bu\] act as \[wei\] their master/owner \[zhu\].","The Tao clothes and nourishes the countless things, yet it claims no ownership.",exact-count
34,5,2,常無欲，可名於小；,"Cháng wú yù, kě míng yú xiǎo;","Eternally \[chang\] without desire/overhead demand \[wu yu\], it can be named \[ke ming\] among the small \[yu xiao\];","Ever desireless, it can be called small.",exact-count
34,6,2,萬物歸焉而不為主，可名為大。,"Wàn wù guī yān ér bù wéi zhǔ, kě míng wéi dà.","The ten thousand things \[wan wu\] return/drain \[gui\] to it \[yan\], yet \[er\] it does not \[bu\] act as \[wei\] their master \[zhu\], it can be named \[ke ming\] as great \[wei da\].","The countless things return to it. Without acting as their master, it can be called great.",exact-count
34,7,3,以其終不自為大，,"Yǐ qí zhōng bù zì wéi dà,","Because \[yi\] to the very end \[qi zhong\] it does not \[bu\] make itself \[zi wei\] great \[da\],","It never makes itself great,",exact-count
34,8,3,故能成其大。,Gù néng chéng qí dà.,Therefore \[gu\] it successfully completes \[neng cheng\] its greatness \[qi da\].,and so completes its greatness.,exact-count
35,1,1,執大象，天下往。,"Zhi da xiang, tian xia wang","Hold the Great Image/Form (da xiang), the world goes/routes to you (wang).","Embody the great form, and the world routes to you.",exact-count
35,2,1,往而不害，安平太。,"Wang er bu hai, an ping tai","Routing/going without harm (bu hai), there is safety, peace, and immense stability (an ping tai).","This route is free of harm. It offers safety, peace, and stability.",exact-count
35,3,1,樂與餌，過客止。,"Le yu er, guo ke zhi","Music and fine food/bait (er), passing guests halt/stop (zhi).",The allure of music and fine food causes passing guests to stop.,exact-count
35,4,2,道之出口，淡乎其無味。,"Dao zhi chu kou, dan hu qi wu wei","The Tao exiting the mouth, it is bland/detached (dan), lacking flavor/taste (wu wei).",Attempt to speak the Tao. It is bland and flavorless.,exact-count
35,5,2,視之不足見，,Shi zhi bu zu jian,"Look at it, not sufficient/enough to be seen.",Look for it. It can’t be seen.,exact-count
35,6,2,聽之不足聞，,Ting zhi bu zu wen,"Listen to it, not sufficient/enough to be heard.",Listen for it. It can’t be heard.,exact-count
35,7,2,用之不可既。,Yong zhi bu ke ji,"Use it, it cannot be exhausted/used up (bu ke ji).",Use it. It is inexhaustible.,exact-count
36,1,1,將欲歙之，必固張之；,"Jiāng yù xì zhī, bì gù zhāng zhī;","About to desire to contract it, must firmly expand it.",Contraction requires firm expansion.,exact-count
36,2,1,將欲弱之，必固強之；,"Jiāng yù ruò zhī, bì gù qiáng zhī;","About to desire to weaken it, must firmly strengthen it.",Weakening requires firm strengthening.,exact-count
36,3,1,將欲廢之，必固興之；,"Jiāng yù fèi zhī, bì gù xīng zhī;","About to desire to abolish it, must firmly elevate it.",Abolishing requires firm elevation.,exact-count
36,4,1,將欲奪之，必固與之。,"Jiāng yù duó zhī, bì gù yǔ zhī.","About to desire to take from it, must firmly give to it.",Removing requires firm giving.,exact-count
36,5,2,是謂微明。,Shì wèi wēi míng.,This is called subtle illumination.,This is called subtle clarity.,exact-count
36,6,2,柔弱勝剛強。,Róu ruò shèng gāng qiáng.,Soft and weak overcomes hard and strong.,The soft and yielding overcome the hard and strong.,exact-count
36,7,3,魚不可脫於淵，,"Yú bù kě tuō yú yuān,",Fish cannot be removed from the deep abyss.,Fish cannot detach from the deep abyss.,exact-count
36,8,3,國之利器不可以示人。,Guó zhī lì qì bù kě yǐ shì rén.,State's sharp vessels cannot be shown to humans.,The sharp instruments of the state must not be shown to others.,exact-count
37,1,1,道常無為而無不為。,Dào cháng wú wéi ér wú bù wéi.,"Tao constantly takes no action, yet nothing is left undone.","The Tao is ever non-doing, yet nothing is left undone.",exact-count
37,2,1,侯王若能守之，萬物將自化。,"Hóu wáng ruò néng shǒu zhī, wàn wù jiāng zì huà.","Marquises and kings, if able to maintain this, the ten thousand things will autonomously transform","If rulers are able to hold to this, the countless things will transform of themselves.",exact-count
37,3,2,化而欲作，吾將鎮之以無名之樸。,"Huà ér yù zuò, wú jiāng zhèn zhī yǐ wú míng zhī pǔ.","Transforming and desiring to act, I will stabilize them with the nameless uncarved wood","When the countless things urge action, I will stabilize them with the nameless uncarved wood.",exact-count
37,4,2,無名之樸，夫亦將無欲。,"Wú míng zhī pǔ, fū yì jiāng wú yù.","The nameless uncarved wood, indeed also will be without desire.",The nameless uncarved wood is without desire.,exact-count
37,5,3,不欲以靜，天下將自正。,"Bù yù yǐ jìng, tiān xià jiāng zì zhèng.","Not desiring so as to be still, all under heaven will autonomously align.","Relinquishing desire, being still, the world rights itself.",exact-count
38,1,1,上德不德，是以有德；,"Shàng dé bù dé, shì yǐ yǒu dé;","Highest virtue does not act virtuous, therefore it has virtue.","The highest integrity does not do integrity, and so it has integrity.",proportional
38,2,1,下德不失德，是以無德。,"Xià dé bù shī dé, shì yǐ wú dé.","Lowest virtue does not lose sight of virtue, therefore it lacks virtue.","The lowest integrity does not lose integrity, and so it has none.",proportional
38,3,1,上德無為而無以為；,Shàng dé wú wéi ér wú yǐ wéi;,Highest virtue takes no action and has no intentional motive.,"The highest integrity is non-doing, and has nothing it acts for.",proportional
38,4,1,下德為之而有以為。,Xià dé wéi zhī ér yǒu yǐ wéi.,Lowest virtue takes action and has intentional motive.,"The lowest integrity acts, and has something it acts for.",proportional
38,5,2,上仁為之而無以為；,Shàng rén wéi zhī ér wú yǐ wéi;,Highest benevolence takes action yet has no intentional motive.,"The highest humaneness acts, and has nothing it acts for.",proportional
38,6,2,上義為之而有以為。,Shàng yì wéi zhī ér yǒu yǐ wéi.,Highest righteousness takes action and has intentional motive.,"The highest duty acts, and has something it acts for.",proportional
38,7,2,上禮為之而莫之應，,"Shàng lǐ wéi zhī ér mò zhī yìng,","Highest ritual takes action, and when none respond to it,","The highest duty acts, and has something it acts for.",proportional-fill
38,8,2,則攘臂而扔之。,zé rǎng bì ér rēng zhī.,then it bares its arms and forces them.,"The highest ritual acts, and no one answers,",proportional
38,9,3,故失道而後德，,"Gù shī dào ér hòu dé,","Therefore, losing the Tao, afterward comes virtue.",so it bares its arms and drags them along.,proportional
38,10,3,失德而後仁，,"Shī dé ér hòu rén,","Losing virtue, afterward comes benevolence.","So when the Tao is lost, then integrity.",proportional
38,11,3,失仁而後義，,"Shī rén ér hòu yì,","Losing benevolence, afterward comes righteousness.","When integrity is lost, then humaneness.",proportional
38,12,3,失義而後禮。,Shī yì ér hòu lǐ.,"Losing righteousness, afterward comes ritual.","When humaneness is lost, then duty.",proportional
38,13,3,夫禮者，忠信之薄，,"Fū lǐ zhě, zhōng xìn zhī bó,","Now ritual is the thinning of loyalty and trustworthiness,","When duty is lost, then ritual.",proportional
38,14,3,而亂之首。,ér luàn zhī shǒu.,and the head of chaos.,"When duty is lost, then ritual.",proportional-fill
38,15,3,前識者，道之華，,"Qián shí zhě, dào zhī huá,","Foreknowledge is the flowery display of the Tao,","Ritual is the thinning of loyalty and trust, and the head of disorder.",proportional
38,16,3,而愚之始。,ér yú zhī shǐ.,and the beginning of foolishness.,"Knowing in advance is the blossom of the Tao, and the beginning of foolishness.",proportional
38,17,4,是以大丈夫處其厚，,"Shì yǐ dà zhàng fū chǔ qí hòu,","Therefore the fully grown person dwells in its thickness,","This is why the great person dwells in the thick, not the thin,",proportional
38,18,4,不居其薄；,bù jū qí bó;,and does not reside in its thinness;,"dwells in the substance, not the blossom.",proportional
38,19,4,處其實，不居其華。,"chǔ qí shí, bù jū qí huá.","Dwells in its fruit, and does not reside in its flowery display.",They let go of what is out there and take what is here.,proportional
38,20,4,故去彼取此。,Gù qù bǐ qǔ cǐ.,Therefore rejects that and takes this.,They let go of what is out there and take what is here.,proportional-fill
39,1,1,昔之得一者：,Xī zhī dé yī zhě,"Of old (in the beginning), these are the things that obtained/connected to the One (一):","From the very beginning, these things draw from the one:",exact-count
39,2,1,天得一以清；,Tiān dé yī yǐ qīng,"Heaven obtained the One, and by it became clear/pure/transparent.",The sky draws from the one and becomes clear.,exact-count
39,3,1,地得一以寧；,Dì dé yī yǐ níng,"Earth obtained the One, and by it became tranquil/solid/stable.",Earth draws from the one and becomes solid.,exact-count
39,4,1,神得一以靈；,Shén dé yī yǐ líng,"The spirits (invisible forces) obtained the One, and by it became numinous/active/alive.",Spirit draws from the one and becomes vital.,exact-count
39,5,1,谷得一以盈；,Gǔ dé yī yǐ yíng,"The valleys obtained the One, and by it became full/replenished.",Valleys draw from the one and become lush.,exact-count
39,6,1,萬物得一以生；,Wàn wù dé yī yǐ shēng,"The ten thousand things obtained the One, and by it came to life/were born.",The countless things draw from the one and come into being.,exact-count
39,7,1,侯王得一以為天下貞。,Hóu wáng dé yī yǐ wéi tiān xià zhēn,"Sovereigns and kings obtained the One, and by it became the true standard/anchor for the world.",Rulers draw from the one and become true anchors for the world.,exact-count
39,8,2,其致之。,Qí zhì zhī,Pushing this to its logical conclusion:,These are the natural consequences:,exact-count
39,9,2,天無以清，將恐裂,"Tiān wú yǐ qīng, jiāng kǒng liè","If heaven lacked clarity, it would shatter/tear.","If the sky lacked clarity, it would be obliterated.",exact-count
39,10,2,地無以寧，將恐發；,"Dì wú yǐ níng, jiāng kǒng fā","If earth lacked stability, it would quake/crumble.","If the earth lacked solidity, it would disintegrate.",exact-count
39,11,2,神無以靈，將恐歇；,"Shén wú yǐ líng, jiāng kǒng xiē","If spirits lacked numinosity, they would dissipate/fade away.","If spirit lacked vitality, it would fade away.",exact-count
39,12,2,谷無以盈，將恐竭；,"Gǔ wú yǐ yíng, jiāng kǒng jié","If valleys lacked fullness, they would dry up/exhaust.","If valleys lacked lushness, they would dry up.",exact-count
39,13,2,萬物無以生，將恐滅；,"Wàn wù wú yǐ shēng, jiāng kǒng miè","If the ten thousand things lacked life, they would go extinct.","If the countless things lacked presence, they would cease to exist.",exact-count
39,14,2,侯王無以貴高，將恐蹶。,"Hóu wáng wú yǐ guì gāo, jiāng kǒng jué","If sovereigns lacked nobility and height (from the root), they would topple/fall.","If rulers lost their anchoring, they would fall.",exact-count
39,15,3,故貴以賤為本,Gù guì yǐ jiàn wéi běn,"Therefore, the noble/expensive takes the lowly/cheap as its root base (本 \- běn).","Therefore, the noble is rooted in the humble.",exact-count
39,16,3,高以下為基。,Gāo yǐ xià wéi jī,The high takes the low as its foundation (基 \- jī),The high is grounded in the low.,exact-count
39,17,3,是以侯王自謂孤、寡、不穀。,"Shì yǐ hóu wáng zì wèi gū, guǎ, bù gǔ","This is why sovereigns and kings call themselves ""orphaned,"" ""widowed,"" and ""unworthy/grainless.""","This is why rulers call themselves orphaned, meager, and unworthy.",exact-count
39,18,3,此非以賤為本邪？非乎？,Cǐ fēi yǐ jiàn wéi běn xié? Fēi hū?,Is this not taking the lowly as the root? Is it not?,Isn’t this recognizing the lowly as the root? Isn’t it?,exact-count
39,19,4,故致數譽無譽。,Gù zhì shù yù wú yù,"Therefore, the highest praise is to have no praise. (Note: some texts translate this as ""taking a chariot apart leaves no chariot,"" but ""highest praise is no praise"" fits the vanity metaphor better).","Therefore, the highest praise is to have no praise.",exact-count
39,20,4,不欲琭琭如玉，,Bù yù lù lù rú yù,"Do not desire to chime and shine like polished jade,",Don’t strive to chime and shine like polished jade.,exact-count
39,21,4,珞珞如石。,Luò luò rú shí,\[But rather\] clatter and remain rough like common stone.,"Instead, clatter and remain rough like common stone.",exact-count
40,1,1,反者道之動,Fǎn zhě dào zhī dòng,Returning/Reversion ( Fǎn ) is the movement ( dòng ) of the Tao;,Returning is the Tao’s movement;,exact-count
40,2,1,弱者道之用。,Ruò zhě dào zhī yòng,Weakness/Yielding ( Ruò ) is the function/application ( yòng ) of the Tao.,Yielding is the Tao’s use.,exact-count
40,3,2,天下萬物生於有，,Tiān xià wàn wù shēng yú yǒu,The ten thousand things under heaven ( Wàn wù ) are born from Being/Presence ( Yǒu );,The countless things of the world are born from presence;,exact-count
40,4,2,有生於無。,Yǒu shēng yú wú,Being/Presence ( Yǒu ) is born from Non-Being/The Void ( Wú ).,Presence is born from absence.,exact-count
41,1,1,上士聞道，勤而行之；,"Shàng shì wén dào, qín ér xíng zhī","Top-tier scholars/users ( Shàng shì ) hear the Tao, diligently practice/execute it ( xíng zhī ).",The highest student hears the Tao and practices it with diligence.,exact-count
41,2,1,中士聞道，若存若亡；,"Zhōng shì wén dào, ruò cún ruo wáng","Mid-tier scholars/users ( Zhōng shì ) hear the Tao, seemingly keep/preserve it ( cún ), seemingly lose/forget it ( wáng ).","The average student hears the Tao and keeps some, forgets some.",exact-count
41,3,1,下士聞道，大笑之。,"Xià shì wén dào, dà xiào zhī","Low-tier scholars/users ( Xià shì ) hear the Tao, laugh loudly at it.",The lowest student hears the Tao and laughs aloud at it.,exact-count
41,4,1,不笑不足以為道。,Bù xiào bù zú yǐ wéi dào,"If it were not laughed at, it would not be sufficient ( zú ) to function as ( wéi ) the Tao.","If it weren’t laughed at, the Tao wouldn’t be what it is.",exact-count
41,5,2,故建言有之：,Gù jiàn yán yǒu zhī:,Therefore established sayings have it:,"Therefore, it is said:",exact-count
41,6,2,明道若昧，進道若退，夷道若纇。,"Míng dào ruò mèi, jìn dào ruò tuì, yí dào ruò lèi.","The bright Tao seems dark/obscure, the advancing Tao seems to retreat, the level/smooth Tao seems rough/uneven.","Bright Tao seems dark, advancing Tao seems to retreat, smooth Tao seems rough.",exact-count
41,7,2,上德若谷，大白若辱，,"Shàng dé ruò gǔ, dà bái ruò rǔ,","Highest capacity/virtue seems like a valley, great white/purity seems disgraced/soiled.","The highest integrity seems like a valley, and true purity seems soiled.",exact-count
41,8,2,廣德若不足，建德若偷，質真若渝。,"Guǎng dé ruò bù zú, jiàn dé ruò tōu, zhì zhēn ruò yú.","Broad capacity seems insufficient, established capacity seems stealthy/shirking, pure substance seems to fade/change.","Vast integrity seems insufficient, well-founded integrity seems slack, and the most solid truth seems to waver.",exact-count
41,9,3,大方無隅，大器晚成，,"Dà fāng wú yú, dà qì wǎn chéng,","The great square has no corners, the great tool/vessel is late to compile/complete.","The great square has no corners, the great vessel is never completed,",exact-count
41,10,3,大音希聲，大象無形。,"Dà yīn xī shēng, dà xiàng wú xíng.","The great sound has sparse sound, the great form/image has no shape.","The great sound can barely be heard, the great image has no form.",exact-count
41,11,4,道隱無名。,Dào yǐn wú míng.,The Tao is hidden and lacks a name/ledger.,The Tao is hidden and nameless.,exact-count
41,12,4,夫唯道，善貸且成。,"Fú wéi dào, shàn dài qiě chéng.",Yet only the Tao is masterful ( Shàn ) at lending/initiating and compiling/completing ( Chéng ).,Yet the Tao alone masterfully provides for the countless things and brings them to completion.,exact-count
42,1,1,道生一，一生二，二生三，三生萬物。,"Dào shēng yī, yī shēng èr, èr shēng sān, sān shēng wàn wù.","The Tao generates the One, the One generates the Two, the Two generates the Three, the Three generates the ten thousand things.","The Tao births the one, the one births the two, the two births the three, the three births the countless things.",exact-count
42,2,1,萬物負陰而抱陽，沖氣以為和。,"Wàn wù fù yīn ér bào yáng, chōng qì yǐ wéi hé.","The ten thousand things carry Yin on their backs and embrace Yang, blending the vital breath (qi) to achieve harmony.","The countless things carry yin on their backs and embrace yang with their arms, blending the vital breath into harmony.",exact-count
42,3,2,人之所惡，唯孤、寡、不穀，,"Rén zhī suǒ wù, wéi gū, guǎ, bù gǔ,","What people despise are 'orphaned,' 'widowed,' and 'unworthy/grainless',","What most people hate is to be called orphaned, meager, or unworthy,",exact-count
42,4,2,而王公以為稱。,ér wáng gōng yǐ wéi chēng.,yet kings and dukes use these as their titles.,Yet rulers and lords take these very descriptions for themselves.,exact-count
42,5,3,故物或損之而益，或益之而損。,"Gù wù huò sǔn zhī ér yì, huò yì zhī ér sǔn.","Therefore, things might be diminished and yet increase, or be increased and yet diminish.","For so it is: what is decreased is thereby increased, and what is increased is thereby decreased.",exact-count
42,6,4,人之所教，我亦教之。,"Rén zhī suǒ jiào, wǒ yì jiào zhī.","What others teach, I also teach.","What others teach, I also teach:",exact-count
42,7,4,強梁者不得其死，,"Qiáng liáng zhě bù dé qí sǐ,","The violent and rigid do not meet their natural death,",The strong and rigid do not die a natural death.,exact-count
42,8,4,吾將以為教父。,Wú jiāng yǐ wéi jiào fù.,I will take this as the father of my teaching.,I take this as the root of learning.,exact-count
43,1,1,天下之至柔，馳騁天下之至堅。,"Tiān xià zhī zhì róu, chí chěng tiān xià zhī zhì jiān.",The softest thing in the world dashes/gallops through the hardest thing in the world.,The softest thing in the world gallops over the hardest thing in the world.,exact-count
43,2,1,無有入無間，,"Wú yǒu rù wú jiàn,","That which has no physical presence (wu you) enters where there is no space/gap (wu jian),",The formless enters the seamless.,exact-count
43,3,1,吾是以知無為之有益。,Wú shì yǐ zhī wú wéi zhī yǒu yì.,Therefore I know the benefit/advantage of zero-friction execution (wu wei).,This is how I know the benefit of non-doing.,exact-count
43,4,2,不言之教，無為之益，,"Bù yán zhī jiào, wú wéi zhī yì,","The teaching without words, the benefit of zero-friction execution,","The wordless teaching, the benefit of non-doing —",exact-count
43,5,2,天下希及之。,Tiān xià xī jí zhī.,few in the world can reach/match it.,few ever reach this.,exact-count
44,1,1,名與身孰親？,Míng yǔ shēn shú qīn?,"Fame/Name or the body/self, which is closer/dearer?",Reputation or your self — which is dearer?,exact-count
44,2,1,身與貨孰多？,Shēn yǔ huò shú duō?,"The body/self or wealth/goods, which is more/worth more?",Your self or goods — which is worth more?,exact-count
44,3,1,得與亡孰病？,Dé yǔ wáng shú bìng?,"Gaining or losing, which is the disease/harm?",Gain or loss — which does more harm?,exact-count
44,4,2,是故甚愛必大費，,"Shì gù shèn ài bì dà fèi,","Therefore, extreme love/attachment must lead to great expenditure/waste,","Therefore, extreme attachment inevitably brings great cost",exact-count
44,5,2,多藏必厚亡。,Duō cáng bì hòu wáng.,Heavy hoarding must lead to massive loss.,And hoarding inevitably brings heavy loss.,exact-count
44,6,3,知足不辱，,"Zhī zú bù rǔ,","Knowing sufficiency/enough, one avoids disgrace,","Know when you have enough, and you are never disgraced.",exact-count
44,7,3,知止不殆，,"Zhī zhǐ bù dài,","Knowing when to stop, one avoids danger/exhaustion,","Know when to stop, and you come to no danger.",exact-count
44,8,3,可以長久。,Kě yǐ cháng jiǔ.,Thus one can endure long.,And so you can last long.,exact-count
45,1,1,大成若缺，其用不弊。,"Dà chéng ruò quē, qí yòng bù bì.","Great perfection/compilation seems flawed/lacking, yet its function/utility is never impaired.","Great completeness seems deficient, yet when used, it never wears out.",exact-count
45,2,1,大盈若沖，其用不窮。,"Dà yíng ruò chōng, qí yòng bù qióng.","Great fullness seems empty/hollow, yet its function/utility is never exhausted.","Great fullness seems empty, yet when used, it never runs dry.",exact-count
45,3,2,大直若屈，,"Dà zhí ruò qū,","Great straightness seems bent/crooked,",Great straightness seems crooked.,exact-count
45,4,2,大巧若拙，,"Dà qiǎo ruò zhuō,","Great skill seems clumsy/clunky,",Great skill seems clumsy.,exact-count
45,5,2,大辯若訥。,Dà biàn ruò nè.,Great eloquence seems stuttering/awkward.,Great argument seems halting.,exact-count
45,6,3,躁勝寒，靜勝熱。,"Zào shèng hán, jìng shèng rè.","Agitation/Movement overcomes cold, stillness overcomes heat.",Movement overcomes cold; stillness overcomes heat.,exact-count
45,7,3,清靜為天下正。,Qīng jìng wéi tiān xià zhèng.,Clarity and stillness function as the standard/ruler for the world.,Clear stillness brings order to the world.,exact-count
46,1,1,天下有道，卻走馬以糞。,"Tiān xià yǒu dào, què zǒu mǎ yǐ fèn.","When the world has the Tao, swift horses are retired to fertilize fields with their dung.","When the world embraces the Tao, swift horses are retired to work the fields.",exact-count
46,2,1,天下無道，戎馬生於郊。,"Tiān xià wú dào, róng mǎ shēng yú jiāo.","When the world lacks the Tao, war horses are bred in the suburbs/borders.","When the world lacks the Tao, war horses are bred in the borderlands.",exact-count
46,3,2,禍莫大於不知足；,Huò mò dà yú bù zhī zú;,There is no disaster greater than not knowing sufficiency.,"There is no greater disaster than discontent,",exact-count
46,4,2,咎莫大於欲得。,Jiù mò dà yú yù dé.,There is no fault/flaw greater than the desire to acquire.,No greater fault than craving to acquire.,exact-count
46,5,2,故知足之足，常足矣。,"Gù zhī zú zhī zú, cháng zú yǐ.","Therefore, the sufficiency of knowing sufficiency is eternally sufficient.",And so the contentment of knowing you have enough is ever-present contentment.,exact-count
47,1,1,不出戶，知天下；,"Bù chū hù, zhī tiān xià;","Without going out the door, one can know the world;","Without leaving home, you know the whole world. / Without looking out the window, you see the way of nature.",proportional
47,2,1,不闚牖，見天道。,"Bù kuī yǒu, jiàn tiān dào.","Without looking through the window, one can see the Tao of heaven.","The further out you venture, the less you know.",proportional
47,3,1,其出彌遠，其知彌少。,"Qí chū mí yuǎn, qí zhī mí shǎo.","The further one goes out, the less one knows.","Therefore, the sage knows without venturing,",proportional
47,4,2,是以聖人不行而知，,"Shì yǐ shèng rén bù xíng ér zhī,","Therefore the Sage knows without traveling,","understands clearly without seeing,",proportional
47,5,2,不見而明，不為而成。,"Bù jiàn ér míng, bù wéi ér chéng.","understands/sees clearly without looking, compiles/completes without forcing action.",and accomplishes without acting.,proportional
48,1,1,為學日益，為道日損。,"Wéi xué rì yì, wéi dào rì sǔn.","Pursuing study/learning, one increases daily; pursuing the Tao, one decreases daily.","In pursuit of learning, you increase daily; / in pursuit of the Tao, you decrease daily.",proportional
48,2,1,損之又損，以至於無為。,"Sǔn zhī yòu sǔn, yǐ zhì yú wú wéi.","Decreasing and decreasing again, until reaching zero-friction execution (wu wei).","Decreasing and decreasing, until you reach non-doing.",proportional
48,3,1,無為而無不為。,Wú wéi ér wú bù wéi.,"Zero-friction execution, yet nothing is left undone/unexecuted.","Non-doing, yet nothing is left undone.",proportional
48,4,2,取天下常以無事，,"Qǔ tiān xià cháng yǐ wú shì,","Taking (qu) the world is always (chang) by means of no-undertaking (wu shi),",The world always comes to you by not meddling with it.,proportional
48,5,2,及其有事，不足以取天下。,"Jí qí yǒu shì, bù zú yǐ qǔ tiān xià.","Once there is undertaking (you shi), that is not enough (bu zu) to take the world.","The moment you meddle, it stops coming.",proportional
49,1,1,聖人無常心，以百姓心為心。,"Shèng rén wú cháng xīn, yǐ bǎi xìng xīn wéi xīn.","The Sage has no constant/fixed mind, takes the people's mind as their mind.",The sage has no fixed heart; / they take the heart of the people as their own.,proportional
49,2,1,善者，吾善之；,"Shàn zhě, wú shàn zhī;","The masterful ones (shan zhe), I count as masterful (shan zhi — shan used as a verb, ""to reckon as shan"");","The masterful, I count as masterful;",proportional
49,3,1,不善者，吾亦善之；,"Bù shàn zhě, wú yì shàn zhī;","The unmasterful, I also (yi) count as masterful;","the unmasterful, I count as masterful too.",proportional
49,4,1,德善。,Dé shàn.,"Integrity (de) is mastery (shan). Two characters, no verb and no causal word.","Integrity is mastery. / The trustworthy, I trust;",proportional
49,5,2,信者，吾信之；,"Xìn zhě, wú xìn zhī;","Those who are reliable/trustworthy, I trust/rely on;","the untrustworthy, I trust as well.",proportional
49,6,2,不信者，吾亦信之；,"Bù xìn zhě, wú yì xìn zhī;","Those who are unreliable/untrustworthy, I also trust/rely on;",Integrity is trust.,proportional
49,7,2,德信。,Dé xìn.,Integrity is trust (xin).,"In the world, the sage breathes gently; / for the sake of the world, they let their heart go muddy.",proportional
49,8,3,聖人在天下，歙歙焉，為天下渾其心，,"Shèng rén zài tiān xià, xī xī yān, wéi tiān xià hún qí xīn,","The sage in the world breathes gently (xi xi — to draw in); for the sake of the world, muddies (hun) their heart (xin).","The people pour out their attention, all eyes and ears;",proportional
49,9,3,百姓皆注其耳目，聖人皆孩之。,"Bǎi xìng jiē zhù qí ěr mù, shèng rén jiē hái zhī.","The people all pour (zhu) their ears and eyes; the sage sees them all as hai (an infant — the Shuowen glosses its older form as ""a small child's laugh"").",the sage sees them pure as infants.,proportional
50,1,1,出生入死。,Chū shēng rù sǐ.,"Emerge into life, enter into death.","Emerge into life, enter into death.",exact-count
50,2,1,生之徒，十有三；,"Shēng zhī tú, shí yǒu sān;",The followers of life are three in ten;,Three in ten people are followers of life.,exact-count
50,3,1,死之徒，十有三；,"Sǐ zhī tú, shí yǒu sān;",The followers of death are three in ten;,Three in ten are followers of death.,exact-count
50,4,1,人之生，動之於死地，亦十有三。,"Rén zhī shēng, dòng zhī yú sǐ dì, yì shí yǒu sān.",People whose lives move them toward the realm of death are also three in ten.,"Three in ten, though alive, move toward deadly ground.",exact-count
50,5,1,夫何故？以其生生之厚。,Fú hé gù? Yǐ qí shēng shēng zhī hòu.,For what reason? Because they live their lives too thickly (with excessive attachment).,Why? Because they cling too tightly to life.,exact-count
50,6,2,蓋聞善攝生者，,"Gài wén shàn shè shēng zhě,","It has been said that one who is expert at preserving life,",It’s been said that one who truly tends life,exact-count
50,7,2,陸行不遇兕虎，,"Lù xíng bù yù sì hǔ,","Traveling on land, does not encounter rhinos or tigers,","can travel the land without meeting rhinos or tigers,",exact-count
50,8,2,入軍不被甲兵；,Rù jūn bù pèi jiǎ bīng;,"Entering an army/battle, is not touched by armor or weapons;",and can enter into battle unharmed by weapons.,exact-count
50,9,2,兕無所投其角，,"Sì wú suǒ tóu qí jiǎo,","The rhino has nowhere to thrust its horn,","The rhino’s horn has nowhere to thrust,",exact-count
50,10,2,虎無所用其爪，,"Hǔ wú suǒ yòng qí zhǎo,","The tiger has nowhere to use its claws,","the tiger’s claws have nowhere to tear into,",exact-count
50,11,2,兵無所容其刃。,Bīng wú suǒ róng qí rèn.,The weapon has nowhere to house its blade.,the weapon blades have nothing to cut.,exact-count
50,12,2,夫何故？以其無死地。,Fú hé gù? Yǐ qí wú sǐ dì.,For what reason? Because in them there is no realm of death (no fatal vulnerability).,Why? Because they give death no foothold.,exact-count
51,1,1,道生之，德畜之，,"Dào shēng zhī, dé xù zhī,","The Tao generates them, the Te/Virtue nourishes them,","The Tao gives birth to the countless things, integrity rears them, / matter forms them, circumstance completes them.",proportional
51,2,1,物形之，勢成之。,"Wù xíng zhī, shì chéng zhī.","Matter/Physical entities give them form, momentum/circumstance completes/compiles them.","Therefore the countless things, without exception, revere the Tao and value integrity.",proportional
51,3,1,是以萬物莫不尊道而貴德。,Shì yǐ wàn wù mò bù zūn dào ér guì dé.,Therefore the ten thousand things cannot but revere the Tao and value the Te.,"This reverence for the Tao, this valuing of integrity — no one commands it.",proportional
51,4,1,道之尊，德之貴，,"Dào zhī zūn, dé zhī guì,","The reverence for the Tao, the valuing of the Te,","It is always so, of itself.",proportional
51,5,1,夫莫之命而常自然。,Fú mò zhī mìng ér cháng zì rán.,"Is not commanded/ordered by anyone, but is eternally spontaneous/autonomous (zi ran).","Thus, the Tao births the countless things and integrity rears them, / grows and raises them, settles and matures them, nourishes and protects them.",proportional
51,6,2,故道生之，德畜之；,"Gù dào shēng zhī, dé xù zhī;","Therefore the Tao generates them, the Te nourishes them;","Giving birth without possessing,",proportional
51,7,2,長之育之；亭之毒之；養之覆之。,Zhǎng zhī yù zhī; tíng zhī dú zhī; yǎng zhī fù zhī.,"Grows them, rears them; shapes them, matures them; sustains them, covers/protects them.","acting yet relying on nothing,",proportional
51,8,2,生而不有，為而不恃，長而不宰。,"Shēng ér bù yǒu, wéi ér bù shì, zhǎng ér bù zǎi.","Generating but not possessing/owning, executing/acting but not depending/relying, growing/leading but not dominating/ruling.",leading without mastering –,proportional
51,9,2,是謂玄德。,Shì wèi xuán dé.,This is called Profound/Dark Virtue (Te).,this is called profound integrity.,proportional
52,1,1,天下有始，以為天下母。,"Tiān xià yǒu shǐ, yǐ wéi tiān xià mǔ.","The world has a beginning, which serves as the mother of the world.","The world has an origin, which serves as the mother of the world. / Find our mother, and you know her children.",proportional
52,2,1,既得其母，以知其子；,"Jì dé qí mǔ, yǐ zhī qí zǐ;","Having obtained/known the mother, one thereby knows the children/offspring;","Know her children, return and hold fast to our mother,",proportional
52,3,1,既知其子，復守其母，没身不殆。,"Jì zhī qí zǐ, fù shǒu qí mǔ, mò shēn bù dài.","Having known the children, returning to guard the mother, to the end of one's life there is no danger.","and to the end of your days, no danger will find you. / Block the openings, close the doors, and all your life will be struggle-free.",proportional
52,4,2,塞其兌，閉其門，終身不勤。,"Sè qí duì, bì qí mén, zhōng shēn bù qín.","Block the openings, close the doors, to the end of life one does not toil/struggle.","Open the openings, multiply your affairs, and your life is beyond saving.",proportional
52,5,2,開其兌，濟其事，終身不救。,"Kāi qí duì, ji qí shì, zhōng shēn bù jiù.","Open the openings, multiply affairs/tasks, to the end of life one is beyond rescue.",To recognize things in their smallest form is clear-seeing.,proportional
52,6,3,見小曰明，守柔曰強。,"Jiàn xiǎo yuē míng, shǒu róu yuē qiáng.","Seeing the small is called clarity/illumination, guarding the soft/yielding is called strength.","To stay with the soft is called strong. / Use the outer light, return to your inner clarity,",proportional
52,7,3,用其光，復歸其明，無遺身殃；,"Yòng qí guāng, fù guī qí míng, wú yí shēn yāng;","Use the light, return to the clarity/illumination, leaving no disaster for the body;",and you bring no calamity upon yourself.,proportional
52,8,3,是謂襲常。,Shì wèi xí cháng.,This is called inheriting/practicing the constant.,This is called holding the ever-present covered.,proportional
53,1,1,使我介然有知，行於大道，唯施是畏。,"Shǐ wǒ jiè rán yǒu zhī, xíng yú dà dào, wéi shī shì wèi.","If I had just a little knowledge, walking on the Great Tao, my only fear would be straying/deviating from it.","If I had just a scrap of knowledge, walking the path of the great Tao, my only fear would be to stray from it.",exact-count
53,2,1,大道甚夷，而人好徑。,"Dà dào shèn yí, ér rén hào jìng.","The Great Tao is very level/smooth, yet people love the bypaths/shortcuts.","The great Tao is very level, yet people love to take shortcuts.",exact-count
53,3,2,朝甚除，田甚蕪，倉甚虛；,"Cháo shèn chú, tián shèn wú, cāng shèn xū;","The courts are highly maintained/clean, the fields are overgrown with weeds, the granaries are completely empty;","The courts are immaculate, the fields are choked with weeds, the granaries are empty;",exact-count
53,4,2,服文綵，帶利劍，厭飲食，財貨有餘；,"Fú wén cǎi, dài lì jiàn, yàn yǐn shí, cái huò yǒu yú;","Wearing patterned and colorful clothes, carrying sharp swords, satiated with food and drink, possessing excess wealth and goods;","Wearing ornate, colorful clothes, carrying sharp swords, gorged on food and drink, possessing excess wealth and goods —",exact-count
53,5,2,是謂盜夸。非道也哉！,Shì wèi dào kuā. Fēi dào yě zāi\!,This is called the boasting of thieves. It is not the Tao\!,This exposes the ringleader of thieves. It is not the Tao\!,exact-count
54,1,1,善建者不拔，善抱者不脫，子孫以祭祀不輟。,"Shàn jiàn zhě bù bá, shàn bào zhě bù tuō, zǐ sūn yǐ jì sì bù chuò.","What is masterfully established cannot be uprooted, what is masterfully embraced cannot slip away, descendants will offer sacrifices/worship without ceasing.",What is masterfully planted cannot be uprooted. / What is masterfully embraced cannot slip away.,proportional
54,2,2,修之於身，其德乃真；,"Xiū zhī yú shēn, qí dé nǎi zhēn;","Cultivate it in the self/body, its Virtue/Power becomes true/genuine;","Descendants will never cease offering sacrifices honoring this. / Cultivate this in your body, and its integrity becomes authentic.",proportional
54,3,2,修之於家，其德乃餘；,"Xiū zhī yú jiā, qí dé nǎi yú;","Cultivate it in the family, its Virtue becomes abundant;","Cultivate this in your family, and its integrity becomes abundant.",proportional
54,4,2,修之於鄉，其德乃長；,"Xiū zhī yú xiāng, qí dé nǎi cháng;","Cultivate it in the village/community, its Virtue becomes enduring/long-lasting;","Cultivate this in your community, and its integrity becomes long-lasting. / Cultivate this in your nation, and its integrity becomes bountiful.",proportional
54,5,2,修之於邦，其德乃豐；,"Xiū zhī yú bāng, qí dé nǎi fēng;","Cultivate it in the state/nation, its Virtue becomes rich/bountiful;","Cultivate this in the world, and its integrity becomes universal.",proportional
54,6,2,修之於天下，其德乃普。,"Xiū zhī yú tiān xià, qí dé nǎi pǔ.","Cultivate it in the world, its Virtue becomes universal/widespread.","Therefore, observe the self through your own self. / Observe the family through your family.",proportional
54,7,3,故以身觀身，以家觀家，,"Gù yǐ shēn guān shēn, yǐ jiā guān jiā,","Therefore observe the self through the self, observe the family through the family,",Observe the community through your community.,proportional
54,8,3,以鄉觀鄉，以邦觀邦，以天下觀天下。,"Yǐ xiāng guān xiāng, yǐ bāng guān bāng, yǐ tiān xià guān tiān xià.","observe the village through the village, observe the state through the state, observe the world through the world.",Observe the nation through your nation. / Observe the world through the world.,proportional
54,9,3,吾何以知天下然哉？以此。,Wú hé yǐ zhī tiān xià rán zāi? Yǐ cǐ.,How do I know the world is thus? By this.,How do I know the world is so? By this.,proportional
55,1,1,含德之厚，比於赤子。,"Hán dé zhī hòu, bǐ yú chì zǐ.",One containing abundant Virtue/Power is comparable to a newborn infant.,"A person with abundant integrity is like a newborn. / Venomous creatures do not sting them,",proportional
55,2,1,毒蟲不螫，猛獸不據，攫鳥不搏。,"Dú chóng bù shì, měng shòu bù jù, jué niǎo bù bó.","Poisonous insects do not sting them, fierce beasts do not seize them, birds of prey do not strike them.","fierce beasts do not seize them, / birds of prey do not attack them.",proportional
55,3,1,骨弱筋柔而握固。,Gǔ ruò jīn róu ér wò gù.,"Bones are weak, muscles are soft, yet their grasp is firm.","Their bones are yielding and their muscles soft, yet their grasp is firm.",proportional
55,4,1,未知牝牡之合而朘作，精之至也。,"Wèi zhī pìn mǔ zhī hé ér zuī zuò, jīng zhī zhì yě.","They do not yet know the union of male and female, yet their organ is aroused, this is the perfection/extreme of vital essence (jing).","They do not yet know the union of female and male, yet their whole being quickens with life — this is vital essence at its utmost. / It cries all day and never goes hoarse — this is harmony at its utmost.",proportional
55,5,1,終日號而不嗄，和之至也。,"Zhōng rì háo ér bù shà, hé zhī zhì yě.","Crying all day yet their voice does not grow hoarse, this is the perfection/extreme of harmony.",Knowing harmony is called the ever-present. / Knowing the ever-present is called clear-seeing.,proportional
55,6,2,知和曰常，知常曰明。,"Zhī hé yuē cháng, zhī cháng yuē míng.","Knowing harmony is called the constant, knowing the constant is called clarity/illumination.",To force life to increase is an ill omen.,proportional
55,7,2,益生曰祥。心使氣曰強。,Yì shēng yuē xiáng. Xīn shǐ qì yuē qiáng.,Artificially increasing life is called an ill omen. The mind directing the vital breath (qi) is called forcing/brute strength.,"When the heart drives the vital energy, that is called strong. / When things reach their prime, they decay.",proportional
55,8,2,物壯則老，謂之不道，不道早已。,"Wù zhuàng zé lǎo, wèi zhī bù dào, bù dào zǎo yǐ.","When things reach peak strength they decay, this is called not-Tao, not-Tao ends early.",This is called not-Tao. Not-Tao comes to an early end.,proportional
56,1,1,知者不言，言者不知。,"Zhī zhě bù yán, yán zhě bù zhī.","Those who know do not speak, those who speak do not know.",Those who know do not speak. / Those who speak do not know.,proportional
56,2,1,塞其兌，閉其門，,"Sè qí duì, bì qí mén,","Block the openings, close the doors,","Block the openings, close the doors.",proportional
56,3,1,挫其銳，解其紛，,"Cuò qí ruì, jiě qí fēn,","Blunt the sharpness, untangle the knots/confusion,","Blunt the sharpness, untangle the knots.",proportional
56,4,1,和其光，同其塵，,"Hé qí guāng, tóng qí chén,","Harmonize the light, merge with the dust;","Dim your own light, merge with the dust.",proportional
56,5,1,是謂玄同。,Shì wèi xuán tóng.,This is called Profound/Mysterious Identity (Xuan Tong).,This is called the profound union.,proportional
56,6,2,故不可得而親，不可得而疏；,"Gù bù kě dé ér qīn, bù kě dé ér shū;","Therefore, one cannot get close to it/them, nor can one get distant from it/them;","You cannot draw them near nor hold them off,",proportional
56,7,2,不可得而利，不可得而害；,"Bù kě dé ér lì, bù kě dé ér hài;","One cannot benefit it/them, nor can one harm it/them;","neither benefit nor harm them,",proportional
56,8,2,不可得而貴，不可得而賤。,"Bù kě dé ér guì, bù kě dé ér jiàn.","One cannot value/ennoble it/them, nor can one debase it/them.",neither honor nor debase them.,proportional
56,9,2,故為天下貴。,Gù wéi tiān xià guì.,Therefore they become the most valued under heaven.,"And so, they become the most honored in the world.",proportional
57,1,1,以正治國，,"Yǐ zhèng zhì guó,","Use correctness/orthodox to govern the state,","Govern the state with uprightness,",exact-count
57,2,1,以奇用兵，,"yǐ jī yòng bīng,","use surprise/unorthodox to deploy the military,","wage war with surprise,",exact-count
57,3,1,以無事取天下。,yǐ wú shì qǔ tiān xià.,use non-interference (wu shi) to take/master the world.,and win the world by not meddling.,exact-count
57,4,1,吾何以知其然哉？以此：,Wú hé yǐ zhī qí rán zāi? Yǐ cǐ:,How do I know it is so? By this:,How do I know it is so? By this:,exact-count
57,5,2,天下多忌諱，而民彌貧；,"Tiān xià duō jì huì, ér mín mí pín;","The more taboos/restrictions in the world, the poorer the people become;","The more taboos in the world, the poorer the people become.",exact-count
57,6,2,人多利器，國家滋昏；,"Rén duō lì qì, guó jiā zī hūn;","The more sharp weapons/tools the people have, the darker/more chaotic the state becomes;","The more sharp weapons the people have, the darker the state becomes.",exact-count
57,7,2,人多伎巧，奇物滋起；,"Rén duō jì qiǎo, jī wù zī qǐ;","The more skill/cunning the people have, the more strange things arise;","The more cunning people become, the more strange contrivances appear.",exact-count
57,8,2,法令滋彰，盜賊多有。,"Fǎ lìng zī zhāng, dào zéi duō yǒu.","The more laws and decrees are made prominent, the more thieves and robbers there are.","The more laws are proclaimed, the more thieves there are.",exact-count
57,9,3,故聖人云：,Gù shèng rén yún:,Therefore the Sage says:,Therefore the sage says:,exact-count
57,10,3,我無為，而民自化；,"Wǒ wú wéi, ér mín zì huà;","I execute zero-friction (wu wei), and the people transform themselves;","I do not do, and the people transform themselves.",exact-count
57,11,3,我好靜，而民自正；,"Wǒ hào jìng, ér mín zì zhèng;","I love stillness, and the people correct themselves;","I love stillness, and the people right themselves.",exact-count
57,12,3,我無事，而民自富；,"Wǒ wú shì, ér mín zì fù;","I do not interfere (wu shi), and the people enrich themselves;","I do not meddle, and the people enrich themselves.",exact-count
57,13,3,我無欲，而民自樸。,"Wǒ wú yù, ér mín zì pǔ.","I have no desires, and the people return to the uncarved wood (pu) themselves.","I am desireless, and the people become plain of themselves.",exact-count
58,1,1,其政悶悶，其民淳淳；,"Qí zhèng mèn mèn, qí mín chún chún;","When the government is dull/unobtrusive, the people are pure/honest;","When the government is dull and undiscerning, the people are pure and honest.",exact-count
58,2,1,其政察察，其民缺缺。,"Qí zhèng chá chá, qí mín quē quē.","When the government is sharp/scrutinizing, the people are lacking/crafty.","When the government is sharp and prying, the people turn cunning.",exact-count
58,3,2,禍兮福之所倚，,"Huò xī fú zhī suǒ yǐ,","Disaster is what fortune leans on,",Disaster is what fortune leans on;,exact-count
58,4,2,福兮禍之所伏。,Fú xī huò zhī suǒ fú.,Fortune is where disaster hides.,fortune is where disaster hides.,exact-count
58,5,2,孰知其極？其無正。,Shú zhī qí jí? Qí wú zhèng.,Who knows the limit/endpoint? There is no fixed norm/correctness.,Who knows where it ends? It has no fixed norm —,exact-count
58,6,2,正復為奇，善復為妖。,"Zhèng fù wéi jī, shàn fù wéi yāo.","The orthodox reverts to the unorthodox, the good reverts to the monstrous.","The straight turns crooked, the good turns monstrous.",exact-count
58,7,2,人之迷，其日固久。,"Rén zhī mí, qí rì gù jiǔ.",The delusion of people has lasted for a very long time.,People have been lost in this for a very long time.,exact-count
58,8,3,是以聖人方而不割，,"Shì yǐ shèng rén fāng ér bù gē,","Therefore the Sage is square but does not cut,","Therefore the sage is square but does not cut,",exact-count
58,9,3,廉而不劌，,"lián ér bù guì,","Sharp/cornered but does not injure,","sharp but does not wound,",exact-count
58,10,3,直而不肆，,"zhí ér bù sì,","Straight but does not overreach/extend recklessly,","straight but does not overreach,",exact-count
58,11,3,光而不耀。,guāng ér bù yào.,Luminous but does not blind/dazzle.,bright but does not dazzle.,exact-count
59,1,1,治人事天，莫若嗇。,"Zhì rén shì tiān, mò ruò sè.","In governing people and serving heaven, there is nothing like frugality/conservation.","When governing people and serving nature, nothing compares to conserving.",exact-count
59,2,1,夫唯嗇，是謂早服；,"Fú wéi sè, shì wèi zǎo fú;","Only through frugality, is it called submitting early;","Conserving is called returning early,",exact-count
59,3,1,早服謂之重積德；,Zǎo fú wèi zhī zhòng jī dé;,Submitting early is called heavily accumulating Virtue/Power (Te);,"returning early is called a heavy accumulation of integrity,",exact-count
59,4,1,重積德則無不克；,Zhòng jī dé zé wú bù kè;,"Heavily accumulating Virtue, there is nothing that cannot be overcome;","a heavy accumulation of integrity is when nothing cannot be overcome,",exact-count
59,5,1,無不克則莫知其極；,Wú bù kè zé mò zhī qí jí;,"When nothing cannot be overcome, no one knows its limit;","when nothing cannot be overcome, no one knows its limit,",exact-count
59,6,1,莫知其極，可以有國；,"Mò zhī qí jí, kě yǐ yǒu guó;","When no one knows its limit, one can possess/maintain the state;","when no one knows its limit, one can maintain the state.",exact-count
59,7,1,有國之母，可以長久。,"Yǒu guó zhī mǔ, kě yǐ cháng jiǔ.","Possessing the mother of the state, one can endure long.","Holding the mother of the state, one can last long.",exact-count
59,8,2,是謂深根固柢，長生久視之道。,"Shì wèi shēn gēn gù dǐ, cháng shēng jiǔ shì zhī dào.","This is called the Tao of deep roots and firm base, of long life and enduring vision.","This is called the Tao of deep roots, firm base, long life, and enduring vision.",exact-count
60,1,1,治大國，若烹小鮮。,"Zhì dà guó, ruò pēng xiǎo xiān.",Governing a large state is like cooking a small fish.,Governing a large state is like cooking a small fish.,exact-count
60,2,2,以道莅天下，其鬼不神；,"Yǐ dào lì tiān xià, qí guǐ bù shén;","Approaching the world with the Tao, its ghosts do not manifest their spirit/numinosity;","Oversee the world with the Tao, and the ghosts lose their potency,",exact-count
60,3,2,非其鬼不神，其神不傷人；,"Fēi qí guǐ bù shén, qí shén bù shāng rén;","Not only do the ghosts not manifest their spirit, their spirit does not harm people;","not only do ghosts lose their potency, their potency causes no harm to people,",exact-count
60,4,2,非其神不傷人，聖人亦不傷人。,"Fēi qí shén bù shāng rén, shèng rén yì bù shāng rén.","Not only does their spirit not harm people, the Sage also does not harm people.","not only does their potency do no harm, the sage, too, does no harm to people.",exact-count
60,5,3,夫兩不相傷，故德交歸焉。,"Fú liǎng bù xiāng shāng, gù dé jiāo guī yān.","Now then, since the two do not harm each other, their Virtue/Power converges and returns to them.","And since the two do no harm to each other, their integrity converges and returns.",exact-count
61,1,1,大國者下流，,"Dà guó zhě xià liú,","A large state is the lower current, the downstream,","The large state is the downstream flow, / the confluence of the world, the female of the world.",proportional
61,2,1,天下之交，天下之牝。,"tiān xià zhī jiāo, tiān xià zhī pìn.","the confluence of the world, the female of the world.",The female always overcomes the male by stillness.,proportional
61,3,1,牝常以靜勝牡，以靜為下。,"Pìn cháng yǐ jìng shèng mǔ, yǐ jìng wéi xià.",The female animal always overcomes the male animal by stillness; by stillness she is the low one.,By stillness she is underneath.,proportional
61,4,2,故大國以下小國，則取小國；,"Gù dà guó yǐ xià xiǎo guó, zé qǔ xiǎo guó;","So a large state, by going below a small state, then takes the small state;","So the large state, by going below the small state, takes the small state.",proportional
61,5,2,小國以下大國，則取大國。,"Xiǎo guó yǐ xià dà guó, zé qǔ dà guó.","a small state, by going below a large state, then takes the large state.","The small state, by going below the large state, takes the large state. / The large state takes by going low, the small state by staying low.",proportional
61,6,2,故或下以取，或下而取。,"Gù huò xià yǐ qǔ, huò xià ér qǔ.","So the one goes low in order to take; the other goes low, and takes.",The large state wants nothing more than to gather and rear people.,proportional
61,7,3,大國不過欲兼畜人，,"Dà guó bù guò yù jiān xù rén,","A large state wants no more than to gather together and rear people,",The small state wants nothing more than to enter and serve people.,proportional
61,8,3,小國不過欲入事人。,Xiǎo guó bù guò yù rù shì rén.,a small state wants no more than to enter and serve people.,Both get what they want.,proportional
61,9,3,夫兩者各得所欲，大者宜為下。,"Fú liǎng zhě gè dé suǒ yù, dà zhě yí wéi xià.","Now, the two each get what they want; the large one ought to be the low one.",The large one ought to be underneath.,proportional
62,1,1,道者萬物之奧。,Dào zhě wàn wù zhī ào.,"The Tao is the ao of the countless things — the southwest corner of a dwelling, the household's altar space and place of honor.","The Tao is the sanctuary of the countless things, / the treasure of those who are masterful,",proportional
62,2,1,善人之寶，不善人之所保。,"Shàn rén zhī bǎo, bù shàn rén zhī suǒ bǎo.","The treasure (bao) of the masterful person, the safekeeping (bao) of the unmasterful person.",the safekeeping of those who are not.,proportional
62,3,2,美言可以市尊，美行可以加人。,"Měi yán kě yǐ shì zūn, měi xíng kě yǐ jiā rén.","Fine words can buy (shi — market, trade for) honor; fine conduct can raise a person above others. (The silks and both commentators split after 市 — see notes/manuscript.md.)",Fine words can buy honor.,proportional
62,4,2,人之不善，何棄之有？,"Rén zhī bù shàn, hé qì zhī yǒu?","As for a person's being unmasterful — what abandoning (qi) of them is there? (he...zhi you: a fixed idiom, ""what X is there?"" = there is none.)","Fine conduct can raise a person above others. / So when a person is unmasterful, why abandon them?",proportional
62,5,3,故立天子，置三公，,"Gù lì tiān zǐ, zhì sān gōng,","So when they raise up (li — to stand a thing upright) a child of the sky (tian zi) and install the three gong,","When they raise up a child of the sky and install the three ministers,",proportional
62,6,3,雖有拱璧以先駟馬，,"Suī yǒu gǒng bì yǐ xiān sì mǎ,","though there are jade discs too wide for one pair of arms, borne ahead of a team of four horses,","though jade discs go before teams of four horses,",proportional
62,7,3,不如坐進此道。,Bù rú zuò jìn cǐ dào.,it is not as good as sitting still and offering this Tao.,better to sit where you are and offer this Tao. / What made the ancients honor this Tao?,proportional
62,8,4,古之所以貴此道者何？,Gǔ zhī suǒ yǐ guì cǐ dào zhě hé?,What made the ancients honor this Tao?,"Did they not say: seek, and you find;",proportional
62,9,4,不曰：求以得，有罪以免邪？,"Bù yuē: qiú yǐ dé, yǒu zuì yǐ miǎn xié?","Did they not say: seek, and you find; have a crime (zui) against you, and you are spared?","commit a crime, and you are spared?",proportional
62,10,4,故為天下貴。,Gù wéi tiān xià guì.,And so it is the most honored in the world.,And so it is the most honored in the world.,proportional
63,1,1,為無為，事無事，味無味。,"Wéi wú wéi, shì wú shì, wèi wú wèi.","Do the not-doing, serve the not-serving, taste the flavorless. (Each beat is one character twice, with wu — no — between.)","Do the not-doing, / serve the not-serving,",proportional
63,2,1,大小多少，報怨以德。,"Dà xiǎo duō shǎo, bào yuàn yǐ dé.","Great, small, many, few; repay resentment with integrity (de).","taste the flavorless. / Great or small, many or few,",proportional
63,3,2,圖難於其易，為大於其細。,"Tú nán yú qí yì, wéi dà yú qí xì.",Map out the difficult while it is easy; do the great while it is slight (xi — thread-fine).,repay resentment with integrity. / Map out the difficult while it is easy.,proportional
63,4,2,天下難事，必作於易；,"Tiān xià nán shì, bì zuò yú yì;",The world's difficult affairs always arise from the easy;,Do the great while it is slight. / The world's difficult affairs always begin easy.,proportional
63,5,2,天下大事，必作於細。,"Tiān xià dà shì, bì zuò yú xì.",the world's great affairs always arise from the slight.,"The world's great affairs always begin slight. / So the sage never does the great,",proportional
63,6,3,是以聖人終不為大，故能成其大。,"Shì yǐ shèng rén zhōng bù wéi dà, gù néng chéng qí dà.","Therefore the sage to the end never does the great, and so can complete their greatness.",and so completes their greatness. / Promise lightly and you will be little trusted.,proportional
63,7,4,夫輕諾必寡信，多易必多難。,"Fú qīng nuò bì guǎ xìn, duō yì bì duō nán.","Now, a light promise inevitably means scant trust (xin); taking much to be easy inevitably means much difficulty.","Take much to be easy and much will be difficult. / So the sage still finds it difficult,",proportional
63,8,4,是以聖人猶難之，故終無難矣。,"Shì yǐ shèng rén yóu nán zhī, gù zhōng wú nán yǐ.","Therefore the sage still treats them as difficult, and so to the end has no difficulty.",and in the end has no difficulty.,proportional
64,1,1,其安易持，其未兆易謀。,"Qí ān yì chí, qí wèi zhào yì móu.","What is at rest/stable is easy to hold, what has not yet shown signs is easy to plan for.",What is at rest is easy to hold. / What shows no sign is easy to plan for.,proportional
64,2,1,其脆易泮，其微易散。,"Qí cuì yì pàn, qí wēi yì sàn.","What is brittle is easy to break/melt, what is microscopic/subtle is easy to scatter.",What is brittle is easy to shatter. / What is faint is easy to scatter.,proportional
64,3,1,為之於未有，治之於未亂。,"Wéi zhī yú wèi yǒu, zhì zhī yú wèi luàn.","Execute it before it exists, govern/order it before it is chaotic.",Handle it before it exists. / Order it before it is chaotic.,proportional
64,4,2,合抱之木，生於毫末；,"Hé bào zhī mù, shēng yú háo mò;",A tree you can wrap your arms around grows from a tiny sprout;,The tree the width of both arms is born from a hair's tip.,proportional
64,5,2,九層之臺，起於累土；,"Jiǔ céng zhī tái, qǐ yú lěi tǔ;",A nine-story terrace begins with a pile of dirt;,The nine-tiered terrace rises from a heap of dirt. / The thousand-mile journey begins beneath your feet.,proportional
64,6,2,千里之行，始於足下。,"Qiān lǐ zhī xíng, shǐ yú zú xià.",A journey of a thousand miles begins beneath the feet.,Those who handle it ruin it. / Those who grasp it lose it.,proportional
64,7,3,為者敗之，執者失之。,"Wéi zhě bài zhī, zhí zhě shī zhī.","Those who force/act ruin it, those who grasp/hold lose it.","Therefore, the sage does not do, and so ruins nothing,",proportional
64,8,3,是以聖人無為故無敗，無執故無失。,"Shì yǐ shèng rén wú wéi gù wú bài, wú zhí gù wú shī.","Therefore the Sage executes zero-friction (wu wei) thus has no ruin, grasps nothing thus has no loss.","does not grasp, and so loses nothing. / People often ruin their affairs just short of completing them.",proportional
64,9,4,民之從事，常於幾成而敗之。,"Mín zhī cóng shì, cháng yú jī chéng ér bài zhī.","People handling affairs, often ruin them when they are near compilation/completion (cheng).","Be as careful at the end as at the beginning, / and nothing will be ruined.",proportional
64,10,4,慎終如始，則無敗事。,"Shèn zhōng rú shǐ, zé wú bài shì.","Be careful at the end as at the beginning, then there will be no ruined affairs.","Therefore, the sage wants the not-wanting",proportional
64,11,5,是以聖人欲不欲，不貴難得之貨；,"Shì yǐ shèng rén yù bù yù, bù guì nán dé zhī huò;","Therefore the Sage desires to not desire, does not value hard-to-obtain goods;","and does not prize rare goods, / learns to unlearn,",proportional
64,12,5,學不學，復眾人之所過。,"Xué bù xué, fù zhòng rén zhī suǒ guò.","Learns what is unlearned, reverts/returns what the multitudes have passed by.","brings the crowd back from where they have gone too far, / and supports the countless things in being so of themselves,",proportional
64,13,5,以輔萬物之自然，而不敢為。,"Yǐ fǔ wàn wù zhī zì rán, ér bù gǎn wéi.","In order to assist the spontaneous autonomy (zi ran) of the ten thousand things, and does not dare to force/execute (wei).",and never pushes them.,proportional
65,1,1,古之善為道者，非以明民，將以愚之。,"Gǔ zhī shàn wéi dào zhě, fēi yǐ míng mín, jiāng yǐ yú zhī.","The ancients who were masterful at executing the Tao, did not use it to enlighten the people, but to keep them unformatted/simple (yu).",The ancients who were masterful at the Tao / did not use it to make the people clever.,proportional
65,2,1,民之難治，以其智多。,"Mín zhī nán zhì, yǐ qí zhì duō.","The people are difficult to govern, because their cunning/cleverness (zhi) is excessive.",They used it to return them to being guileless. / The people are hard to govern,proportional
65,3,2,故以智治國，國之賊；,"Gù yǐ zhì zhì guó, guó zhī zéi;","Therefore, using cunning/cleverness to govern the state is a thief to the state;",because they have too much guile. / So to govern a state with guile robs the state.,proportional
65,4,2,不以智治國，國之福。,"Bù yǐ zhì zhì guó, guó zhī fú.",Not using cunning/cleverness to govern the state is a blessing to the state.,Not to govern it with guile is the state's good fortune. / Knowing these two is itself the pattern.,proportional
65,5,3,知此兩者亦稽式。,Zhī cǐ liǎng zhě yì jī shì.,Knowing these two is also the absolute standard/pattern.,Always to know the pattern / is called profound integrity.,proportional
65,6,3,常知稽式，是謂玄德。,"Cháng zhī jī shì, shì wèi xuán dé.","Always knowing the absolute standard/pattern, this is called Profound Virtue (Te).","Profound integrity is deep, and far, / and turns back together with things,",proportional
65,7,3,玄德深矣，遠矣，與物反矣，然後乃至大順。,"Xuán dé shēn yǐ, yuǎn yǐ, yǔ wù fǎn yǐ, rán hòu nǎi zhì dà shùn.","Profound Virtue is deep, is far-reaching, it reverts/returns with physical entities (wu), and only then reaches the Great Harmony/Smoothness.",and only then runs with the great current.,proportional
66,1,1,江海所以能為百谷王者，,"Jiāng hǎi suǒ yǐ néng wéi bǎi gǔ wáng zhě,","The reason rivers and seas can function as the kings of the hundred valleys,",Rivers and seas can rule the hundred valleys / because they are masterful at staying below them.,proportional
66,2,1,以其善下之，故能為百谷王。,"Yǐ qí shàn xià zhī, gù néng wéi bǎi gǔ wáng.","Is because they are masterful at positioning themselves lower than them, thus they can function as the kings of the hundred valleys.",That is how they come to rule the hundred valleys.,proportional
66,3,2,是以欲上民，必以言下之；,"Shì yǐ yù shàng mín, bì yǐ yán xià zhī;","Therefore, wishing to be above the people, one must by words position oneself below them;","So to rise above the people, you must speak from below them.",proportional
66,4,2,欲先民，必以身後之。,"Yù xiān mín, bì yǐ shēn hòu zhī.","Wishing to be ahead of the people, one must put one's person/body behind them.","To walk ahead of the people, you must put yourself behind.",proportional
66,5,3,是以聖人處上而民不重，,"Shì yǐ shèng rén chǔ shàng ér mín bù zhòng,",Therefore the Sage dwells above and the people do not feel heavy/burdened;,"The sage stands above, and the people are not weighed down, / stands in front, and the people are not hindered.",proportional
66,6,3,處前而民不害。,Chǔ qián ér mín bù hài.,Dwells in front and the people do not feel harmed/obstructed.,So the world gladly pushes them forward and never tires of them.,proportional
66,7,4,是以天下樂推而不厭。,Shì yǐ tiān xià lè tuī ér bù yàn.,Therefore the world gladly pushes them forward and does not tire of them.,"Because they do not contend,",proportional
66,8,4,以其不爭，故天下莫能與之爭。,"Yǐ qí bù zhēng, gù tiān xià mò néng yǔ zhī zhēng.","Because they do not compete/contend, therefore no one in the world can compete with them.",no one in the world can contend with them.,proportional
67,1,1,天下皆謂我道大，似不肖。,"Tiān xià jiē wèi wǒ dào dà, sì bù xiào.","The whole world says my Tao is great, but seems unlike/unworthy (of comparison).","Everyone says I am vast, and look like nothing. / Only because I am vast do I look like nothing.",proportional
67,2,1,夫唯大，故似不肖。,"Fú wéi dà, gù sì bù xiào.","Because it is great, therefore it seems unlike.","If I looked like something, I would long ago have become petty.",proportional
67,3,1,若肖，久矣其細也夫！,"Ruò xiào, jiǔ yǐ qí xì yě fú\!","If it were like (others), for a long time it would have been small/insignificant\!",I have three treasures. I hold them and keep them safe. / The first is tenderness.,proportional
67,4,2,我有三寶，持而保之：,"Wǒ yǒu sān bǎo, chí ér bǎo zhī:","I have three treasures, holding and guarding them:",The second is frugality.,proportional
67,5,2,一曰慈，二曰儉，三曰不敢為天下先。,"Yī yuē cí, èr yuē jiǎn, sān yuē bù gǎn wéi tiān xià xiān.","The first is called compassion/deep love, the second is called frugality/conservation, the third is called not daring to function as the first/ahead of the world.","The third is never pushing to be first in the world. / Tenderness, and so you can be brave.",proportional
67,6,3,慈故能勇；,Cí gù néng yǒng;,"Compassion, thus able to be brave;","Frugality, and so you can reach far.",proportional
67,7,3,儉故能廣；,Jiǎn gù néng guǎng;,"Frugality, thus able to be broad/expansive;","Never pushing to be first in the world, and so you can become chief of the vessels. / Now: to abandon tenderness and grab at courage,",proportional
67,8,3,不敢為天下先，故能成器長。,"Bù gǎn wéi tiān xià xiān, gù néng chéng qì zhǎng.","Not daring to be first in the world, thus able to compile/complete as the chief of tools/vessels.","to abandon frugality and grab at reach,",proportional
67,9,4,今捨慈且勇，捨儉且廣，捨後且先，死矣！,"Jīn shě cí qiě yǒng, shě jiǎn qiě guǎng, shě hòu qiě xiān, sǐ yǐ\!","Now to abandon compassion and just be brave, to abandon frugality and just be expansive, to abandon the rear and just be first, is death\!",to abandon the rear and grab at the front. / That is death.,proportional
67,10,4,夫慈，以戰則勝，以守則固。,"Fú cí, yǐ zhàn zé shèng, yǐ shǒu zé gù.","Now compassion, used in battle it wins, used in defense it is solid/firm.","Tenderness. Fight with it and you win, defend with it and you hold firm.",proportional
67,11,4,天將救之，以慈衛之。,"Tiān jiāng jiù zhī, yǐ cí wèi zhī.","Heaven will save/rescue them, using compassion to guard them.","When nature would rescue someone, it guards them with tenderness.",proportional
68,1,1,善為士者，不武；,"Shàn wéi shì zhě, bù wǔ;",A masterful warrior/scholar is not martial/violent;,The master warrior is not martial.,exact-count
68,2,1,善戰者，不怒；,"Shàn zhàn zhě, bù nù;",A masterful fighter does not become angry;,The master fighter does not rage.,exact-count
68,3,1,善勝敵者，不與；,"Shàn shèng dí zhě, bù yǔ;",A masterful conqueror of enemies does not engage/contend with them;,The master of overcoming enemies does not engage them.,exact-count
68,4,1,善用人者，為之下。,"Shàn yòng rén zhě, wéi zhī xià.",A masterful user of people functions as their subordinate/lower.,The master of using people puts themselves below them.,exact-count
68,5,2,是謂不爭之德，,"Shì wèi bù zhēng zhī dé,","This is called the Virtue/Power (Te) of not competing/contending,",This is called the integrity of not contending.,exact-count
68,6,2,是謂用人之力，,"Shì wèi yòng rén zhī lì,","This is called the ability/power to use people,",This is called using people's force.,exact-count
68,7,2,是謂配天，古之極。,"Shì wèi pèi tiān, gǔ zhī jí.","This is called matching/pairing with Heaven, the ultimate of antiquity.","This is called partnered with the sky, the pinnacle of the ancients.",exact-count
69,1,1,用兵有言：,Yòng bīng yǒu yán:,Deploying the military has a saying:,Soldiers have a saying:,exact-count
69,2,1,吾不敢為主，而為客；,"Wú bù gǎn wéi zhǔ, ér wéi kè;","I dare not function as the host/initiator, but function as the guest/responder;",I do not push to move first. I move second.,exact-count
69,3,1,不敢進寸，而退尺。,"Bù gǎn jìn cùn, ér tuì chǐ.","Dare not advance an inch, but retreat a foot.",I do not push an inch into another's ground. I give up a foot of my own.,exact-count
69,4,2,是謂行無行，,"Shì wèi xíng wú xíng,","This is called marching without marching,","This is called marching where there are no ranks,",exact-count
69,5,2,攘無臂，,"Rǎng wú bì,","Rolling up sleeves without arms,","baring an arm where there is no arm,",exact-count
69,6,2,扔無敵，,"Rēng wú dí,","Grasping without an enemy,","hauling where there is no enemy,",exact-count
69,7,2,執無兵。,Zhí wú bīng.,Holding without weapons.,gripping where there is no weapon.,exact-count
69,8,3,禍莫大於輕敵，,"Huò mò dà yú qīng dí,",There is no disaster greater than treating the enemy as weightless/light;,There is no disaster greater than making light of the enemy.,exact-count
69,9,3,輕敵幾喪吾寶。,Qīng dí jī sàng wú bǎo.,Treating the enemy as weightless almost destroys my treasures.,Making light of the enemy nearly costs me my treasures.,exact-count
69,10,3,故抗兵相若，哀者勝矣。,"Gù kàng bīng xiāng ruò, āi zhě shèng yǐ.","Therefore when opposing troops meet/match, the grieving/sorrowful one wins.","Therefore, when the armies are evenly matched, the side that grieves wins.",exact-count
70,1,1,吾言甚易知，甚易行。,"Wú yán shèn yì zhī, shèn yì xíng.","My words are very easy to understand, very easy to execute.","My words are very easy to know, / very easy to follow.",proportional
70,2,1,天下莫能知，莫能行。,"Tiān xià mò néng zhī, mò néng xíng.","No one in the world can understand them, no one can execute them.","In all the world, no one can know them. / No one can follow them.",proportional
70,3,2,言有宗，事有君。,"Yán yǒu zōng, shì yǒu jūn.","Words have an ancestor/root, affairs have a sovereign/master.",Words have an ancestor. / Affairs have a ruler.,proportional
70,4,2,夫唯無知，是以不我知。,"Fú wéi wú zhī, shì yǐ bù wǒ zhī.","Precisely because they lack understanding, therefore they do not understand me.","Only because there is no knowing it, / they do not know me.",proportional
70,5,3,知我者希，則我者貴。,"Zhī wǒ zhě xī, zé wǒ zhě guì.","Those who understand me are rare, those who follow/model me are valued.",Those who know me are few. / Those who pattern themselves on me are precious.,proportional
70,6,3,是以聖人被褐而懷玉。,Shì yǐ shèng rén pī hè ér huái yù.,Therefore the Sage wears coarse clothes but carries jade in their bosom.,"Therefore, the sage wears coarse cloth, but carries jade against their chest.",proportional
71,1,0,知不知，上；,"Zhī bù zhī, shàng;","Knowing that one does not know, is superior/highest;",To know you do not know is highest.,exact-count
71,2,0,不知知，病。,"Bù zhī zhī, bìng.","Not knowing yet thinking one knows, is a disease/flaw.",To not know yet claim to know is sickness.,exact-count
71,3,0,夫唯病病，是以不病。,"Fú wéi bìng bìng, shì yǐ bù bìng.","Only by recognizing the disease as a disease, therefore one is not diseased.",Only when you are sick of the sickness are you not sick.,exact-count
71,4,0,聖人不病，以其病病，是以不病。,"Shèng rén bù bìng, yǐ qí bìng bìng, shì yǐ bù bìng.","The Sage is not diseased, because they recognize the disease as a disease, therefore they are not diseased.",The sage is not sick because they are sick of the sickness.,exact-count
72,1,1,民不畏威，則大威至。,"Mín bù wèi wēi, zé dà wēi zhì.","When the people do not fear authority/might, then great authority/might arrives.","When the people no longer fear authority, / the great collapse comes.",proportional
72,2,1,無狎其所居，無厭其所生。,"Wú xiá qí suǒ jū, wú yàn qí suǒ shēng.","Do not crowd/harass their place of residence, do not oppress/weary their livelihood.",Do not crowd people in their homes.,proportional
72,3,1,夫唯不厭，是以不厭。,"Fú wéi bù yàn, shì yǐ bù yàn.","Precisely because one does not oppress them, therefore they do not find it oppressive.",Do not oppress their livelihoods.,proportional
72,4,2,是以聖人自知，不自見；,"Shì yǐ shèng rén zì zhī, bù zì jiàn;","Therefore the Sage knows self, but does not display self;","Only when you do not oppress them will they not tire of you. / And so the sage knows themselves and does not display themselves,",proportional
72,5,2,自愛，不自貴。,"Zì ài, bù zì guì.","Loves self, but does not esteem/exalt self.",loves themselves and does not hold themselves precious.,proportional
72,6,2,故去彼取此。,Gù qù bǐ qǔ cǐ.,Therefore discard that and choose this.,They let go of what is out there and take what is here.,proportional
73,1,1,勇於敢則殺，,"Yǒng yú gǎn zé shā,","Brave in daring, then (one) gets killed;",Bravery in pushing gets you killed. / Bravery in not pushing keeps you alive.,proportional
73,2,1,勇於不敢則活。,Yǒng yú bù gǎn zé huó.,"Brave in not daring, then (one) lives.","Of these two, one benefits and one harms.",proportional
73,3,1,此兩者，或利或害。,"Cǐ liǎng zhě, huò lì huò hài.","These two things, one is beneficial, one is harmful.","What nature turns against, who knows why?",proportional
73,4,1,天之所惡，孰知其故？,"Tiān zhī suǒ wù, shú zhī qí gù?","That which Heaven dislikes, who knows the reason/cause?",So the sage still finds it difficult.,proportional
73,5,1,是以聖人猶難之。,Shì yǐ shèng rén yóu nán zhī.,Therefore the Sage still treats it as difficult.,The way of nature:,proportional
73,6,2,天之道，不爭而善勝，,"Tiān zhī dào, bù zhēng ér shàn shèng,","The Tao of Heaven: does not contend yet masterfully conquers,","it does not contend, yet is masterful at overcoming. / It does not speak, yet is masterful at answering.",proportional
73,7,2,不言而善應，,"Bù yán ér shàn yìng,","Does not speak yet masterfully responds,","It does not summon, yet things come of themselves.",proportional
73,8,2,不召而自來，,"Bù zhào ér zì lái,","Does not summon yet it comes by itself,","It is unhurried, yet masterful at planning.",proportional
73,9,2,繟然而善謀。,Chǎn rán ér shàn móu.,It is loose/spacious yet masterfully plans.,Nature's net is vast.,proportional
73,10,3,天網恢恢，疏而不失。,"Tiān wǎng huī huī, shū ér bù shī.","Heaven's net is vast/broad, wide-meshed yet nothing escapes.","Its mesh is wide, and nothing slips through.",proportional
74,1,1,民不畏死，奈何以死懼之？,"Mín bù wèi sǐ, nài hé yǐ sǐ jù zhī?","When the people do not fear death, why use death to threaten them?","When the people do not fear death, / why try to frighten them with death?",proportional
74,2,1,若使民常畏死，而為奇者，吾得執而殺之，孰敢？,"Ruò shǐ mín cháng wèi sǐ, ér wéi qí zhě, wú dé zhí ér shā zhī, shú gǎn?","If you make the people constantly fear death, and those who perform odd/illegal acts, I can seize and kill them—who would dare?","Suppose the people always feared death, / and I could seize whoever steps out of line and kill them.",proportional
74,3,2,常有司殺者殺。,Cháng yǒu sī shā zhě shā.,There is always a Master of Killing who kills.,Who would still push? / There is always one who does the killing.,proportional
74,4,2,夫代司殺者殺，是謂代大匠斫。,"Fú dài sī shā zhě shā, shì wèi dài dà jiàng zhuó.","Now to take the place of the Master of Killing to kill, is called taking the place of the Great Carpenter to hew.","To take their place is to take the place of the master carpenter. / Of those who carve in place of the master carpenter,",proportional
74,5,2,夫代大匠斫，希有不傷其手矣。,"Fú dài dà jiàng zhuó, xī yǒu bù shāng qí shǒu yǐ.","To take the place of the Great Carpenter to hew, rarely is there anyone who does not injure their own hand.",few fail to cut their own hand.,proportional
75,1,1,民之飢，以其上食稅之多，是以飢。,"Mín zhī jī, yǐ qí shàng shí shuì zhī duō, shì yǐ jī.","The hunger of the people, because their superiors consume taxes in such quantity, therefore they are hungry.",The people go hungry / because those over them eat up so much in taxes.,proportional
75,2,2,民之難治，以其上之有為，是以難治。,"Mín zhī nán zhì, yǐ qí shàng zhī yǒu wéi, shì yǐ nán zhì.","The people are difficult to govern, because their superiors have ""doing"" (interference), therefore they are difficult to govern.",The people are hard to govern / because those over them will not stop doing.,proportional
75,3,2,民之輕死，以其上求生之厚，是以輕死。,"Mín zhī qīng sǐ, yǐ qí shàng qiú shēng zhī hòu, shì yǐ qīng sǐ.","The people treat death lightly, because their superiors seek ""life"" (luxury) with such thickness/profuseness, therefore they treat death lightly.",The people make light of death / because those over them want their own lives so rich.,proportional
75,4,2,夫唯無以生為者，是賢於貴生。,"Fú wéi wú yǐ shēng wéi zhě, shì xián yú guì shēng.","Only those who do not use ""living"" as a ""doing,"" are worthier than those who value/prize life.",Those who don't use living for doing / are worthier than those who hold life precious.,proportional
76,1,1,人之生也柔弱，其死也堅強。,"Rén zhī shēng yě róu ruò, qí sǐ yě jiān qiáng.",Human life is supple/soft and weak; at death it is rigid and hard/strong.,"In life the body is soft and yielding. / In death, hard and strong.",proportional
76,2,1,萬物草木之生也柔脆，其死也枯槁。,"Wàn wù cǎo mù zhī shēng yě róu cuì, qí sǐ yě kū gǎo.",The ten thousand things—grass and trees—are in life supple and fragile; at death they are withered and dried.,"In life the countless things, the grasses and trees, are soft and tender. / In death, withered and dry.",proportional
76,3,2,故堅強者死之徒，,"Gù jiān qiáng zhě sǐ zhī tú,","Therefore the rigid and hard/strong are the disciples/company of death,",So the hard and strong are followers of death.,proportional
76,4,2,柔弱者生之徒。,Róu ruò zhě shēng zhī tú.,The supple and weak are the disciples/company of life.,"The soft and yielding are followers of life. / This is why a strong army does not win,",proportional
76,5,3,是以兵強則不勝，木強則折。,"Shì yǐ bīng qiáng zé bù shèng, mù qiáng zé zhé.","Therefore, if troops are hard/strong, they will not win; if a tree is hard/strong, it will snap.",and a strong tree snaps. / The strong and the big dwell below.,proportional
76,6,3,強大處下，柔弱處上。,"Qiáng dà chǔ xià, róu ruò chǔ shàng.","The hard/strong and big reside below, the supple and weak reside above.",The soft and the yielding dwell above.,proportional
77,1,1,天之道，其猶張弓與？,"Tiān zhī dào, qí yóu zhāng gōng yǔ?","The Tao of Heaven, is it not like drawing a bow?","The way of nature: / is it not like stringing a bow? / The high is pressed down, the low is lifted.",proportional
77,2,1,高者抑之，下者舉之；,"Gāo zhě yì zhī, xià zhě jǔ zhī;","The high is lowered, the low is raised;",What is too much is drawn off. What is too little is filled in. / The way of nature,proportional
77,3,1,有餘者損之，不足者補之。,"Yǒu yú zhě sǔn zhī, bù zú zhě bǔ zhī.","Those who have excess, it diminishes; those who are insufficient, it supplements.",takes from where there is too much / and mends where there is too little.,proportional
77,4,2,天之道，損有餘而補不足。,"Tiān zhī dào, sǔn yǒu yú ér bǔ bù zú.",The Tao of Heaven: diminishes those who have excess and supplements those who are insufficient.,The way of people is not like this. / It takes from those who have too little / and offers it up to those who have too much.,proportional
77,5,2,人之道，則不然，損不足以奉有餘。,"Rén zhī dào, zé bù rán, sǔn bù zú yǐ fèng yǒu yú.",The Tao of humanity is not like this: it diminishes those who are insufficient to serve those who have excess.,"Who has more than enough, / and offers it up to the world?",proportional
77,6,3,孰能有餘以奉天下？唯有道者。,Shú néng yǒu yú yǐ fèng tiān xià? Wéi yǒu dào zhě.,Who can have excess to serve the world? Only the one who has the Tao.,Only those who are with the Tao. / Therefore the sage acts yet relies on nothing.,proportional
77,7,3,是以聖人為而不恃，功成而不處，其不欲見賢。,"Shì yǐ shèng rén wéi ér bù shì, gōng chéng ér bù chù, qí bù yù jiàn xián.","Therefore the Sage acts but does not rely, accomplishes work but does not take credit; they do not wish to display their worth.","The work is done, and they do not stay in it. / They have no wish to appear exceptional.",proportional
78,1,1,天下莫柔弱於水，,"Tiān xià mò róu ruò yú shuǐ,","In the world, nothing is more supple and weak than water,","In all the world nothing is softer and more yielding than water, / yet at attacking the hard and the strong nothing overcomes it, / for nothing can take its place.",proportional
78,2,1,而攻堅強者莫之能勝，以其無以易之。,"Ér gōng jiān qiáng zhě mò zhī néng shèng, yǐ qí wú yǐ yì zhī.","Yet in attacking the hard and strong, nothing can surpass it, because nothing can replace it.","The yielding overcomes the strong. / The soft overcomes the hard. / No one in the world fails to know this,",proportional
78,3,2,弱之勝強，柔之勝剛，天下莫不知，莫能行。,"Ruò zhī shèng qiáng, róu zhī shèng gāng, tiān xià mò bù zhī, mò néng xíng.","That the weak conquers the strong, the supple conquers the hard/rigid—the world knows this, but no one can practice it.",yet no one can follow it. / So the sage says:,proportional
78,4,3,是以聖人云：受國之垢，是謂社稷主；受國之不祥，是謂天下王。,"Shì yǐ shèng rén yún: shòu guó zhī gòu, shì wèi shè jì zhǔ; shòu guó zhī bù xiáng, shì wèi tiān xià wáng.",Therefore the Sage says: To accept the state's filth is to be the Lord of the Altars (the people); to accept the state's misfortune is to be the King of the World.,whoever takes on the filth of the state / is the keeper of the soil and the grain. / Whoever takes on the ill omen of the state,proportional
78,5,3,正言若反。,Zhèng yán ruò fǎn.,Right words seem like the opposite (paradoxical).,is the ruler of the world. / Words on the mark seem like their opposite.,proportional
79,1,1,和大怨，必有餘怨；安可以為善？,"Hé dà yuàn, bì yǒu yú yuàn; ān kě yǐ wéi shàn?","Even after reconciling a great grudge, there must remain some residual resentment; how can this be considered ""good""?",Settle a great grudge / and some grudge always remains. / How could that count as masterful?,proportional
79,2,2,是以聖人執左契，而不責於人。,"Shì yǐ shèng rén zhí zuǒ qì, ér bù zé yú rén.","Therefore the Sage holds the left (debtor's) tally, and does not exact payment from people.",So the sage holds their half of the tally / and never asks for the other.,proportional
79,3,2,有德司契，無德司徹。,"Yǒu dé sī qì, wú dé sī chè.",Those with Virtue manage the tally; those without Virtue manage the taxes/collection.,Those with integrity keep the tally. / Those without integrity keep score.,proportional
79,4,2,天道無親，常與善人。,"Tiān dào wú qīn, cháng yǔ shàn rén.","The Tao of Heaven has no favorites; it constantly sides with the ""good"" people (the natural/authentic).",The way of nature plays no favorites. / It stays with those who are masterful.,proportional
80,1,1,小國寡民。使有什伯之器而不用；,Xiǎo guó guǎ mín. Shǐ yǒu shí bǎi zhī qì ér bù yòng;,A small state with few people. Let them have ten-fold and hundred-fold labor-saving devices and not use them;,"A small state, few people. / Let the people have tools that do the work of ten, of a hundred, yet no need to use them. / Let the people find death heavy, and not move far away.",proportional
80,2,1,使民重死而不遠徙。,Shǐ mín zhòng sǐ ér bù yuǎn xǐ.,Let the people take death seriously and not move far away.,"Though there are boats and carts, there is no call to travel in them. / Though there are armor and weapons, there is no call to march them out.",proportional
80,3,1,雖有舟輿，無所乘之；雖有甲兵，無所陳之。,"Suī yǒu zhōu yú, wú suǒ chéng zhī; suī yǒu jiǎ bīng, wú suǒ chén zhī.","Though they have boats and carriages, there is no need to ride them; though they have armor and weapons, there is no need to display them.","Let the people go back to keeping their records in knotted cord. / They find their food sweet,",proportional
80,4,2,使民復結繩而用之。,Shǐ mín fù jié shéng ér yòng zhī.,Let the people go back to tying knots and using them (as their record).,"their clothes fine, / their houses restful, / their ways a pleasure.",proportional
80,5,2,甘其食，美其服，安其居，樂其俗。,"Gān qí shí, měi qí fú, ān qí jū, lè qí sú.","Find their food sweet, find their clothing beautiful, find their dwelling peaceful, find their customs joyful.",Neighboring states lie within sight of each other. / They hear each other's roosters and dogs.,proportional
80,6,2,隣國相望，雞犬之聲相聞，民至老死，不相往來。,"Lín guó xiāng wàng, jī quǎn zhī shēng xiāng wén, mín zhì lǎo sǐ, bù xiāng wǎng lái.","Neighboring states look at each other, the sounds of cocks and dogs are heard across, yet the people, until they grow old and die, do not go back and forth (trade/commute).",The people grow old and die / and never once go next door.,proportional
81,1,1,信言不美，美言不信。,"Xìn yán bù měi, měi yán bù xìn.",Truthful words are not beautiful/decorative; beautiful/decorative words are not truthful.,Trustworthy words are not pretty. / Pretty words are not trustworthy. / Those who are masterful do not argue.,proportional
81,2,1,善者不辯，辯者不善。,"Shàn zhě bù biàn, biàn zhě bù shàn.","Those who are ""good"" (authentic) do not argue/debate; those who argue/debate are not ""good.""",Those who argue are not masterful. / Those who know have not heard it all.,proportional
81,3,1,知者不博，博者不知。,"Zhī zhě bù bó, bó zhě bù zhī.",Those who truly know are not broadly learned (in superficial knowledge); those who are broadly learned do not truly know.,Those who have heard it all do not know. / The sage does not hoard.,proportional
81,4,2,聖人不積。既以為人己愈有，既以與人己愈多。,"Shèng rén bù jī. Jì yǐ wéi rén jǐ yù yǒu, jì yǐ yǔ rén jǐ yù duō.","The Sage does not hoard. Since they do things for people, they have more for themselves; since they give to people, they have more for themselves.","Having done for others, they have more. / Having given to others, they have more still.",proportional
81,5,2,天之道，利而不害；聖人之道，為而不爭。,"Tiān zhī dào, lì ér bù hài; shèng rén zhī dào, wéi ér bù zhēng.",The Tao of Heaven: benefits but does not harm; the Tao of the Sage: acts but does not contend.,The way of nature benefits and does not harm. / The way of the sage acts and does not contend.,proportional
